name,hour_group,user_count,hour_group_str
벅스,0,3,0-3
Discord,0,4,0-3
블루투스,0,1,0-3
텍뷰,0,1,0-3
DU 배터리 세이버,0,1,0-3
KB스타알림,0,4,0-3
내 캘린더,0,2,0-3
timetable-core,0,1,0-3
토스,0,12,0-3
H&M,0,1,0-3
브롤스타즈,0,1,0-3
T world,0,1,0-3
레진코믹스,0,1,0-3
알람/시계,0,14,0-3
신한 쏠(SOL),0,3,0-3
Cookie Run: OvenBreak,0,3,0-3
브랜디,0,1,0-3
Coinnow,0,1,0-3
통화,0,11,0-3
G마켓,0,1,0-3
T 안심,0,2,0-3
음성 녹음,0,6,0-3
음악,0,2,0-3
비디오,0,1,0-3
카카오버스,0,1,0-3
T map,0,5,0-3
Steam,0,2,0-3
빅스비 비전,0,1,0-3
이메일,0,9,0-3
Dropsync,0,20,0-3
계산기,0,7,0-3
알라미,0,2,0-3
빅스비 보이스,0,14,0-3
PAYCO,0,3,0-3
음악 플레이어,0,1,0-3
비주얼 가계부,0,1,0-3
GGtics,0,3,0-3
네트워크,0,1,0-3
KB스타뱅킹,0,1,0-3
Dreamclass,0,1,0-3
S보이스,0,1,0-3
타이젬 바둑,0,1,0-3
Samsung Experience 홈,0,40,0-3
비디오 플레이어,0,9,0-3
알람/시간,0,1,0-3
타임스프레드,0,1,0-3
PASS,0,1,0-3
비디오 에디터,0,1,0-3
클리너,0,1,0-3
붕괴3rd,0,1,0-3
유니콘,0,1,0-3
Clean Master,0,2,0-3
KT 멤버십,0,1,0-3
트위터,0,5,0-3
디시인사이드,0,3,0-3
Galaxy Store,0,1,0-3
위메프,0,3,0-3
기본홈,0,22,0-3
TouchVPN,0,1,0-3
TouchWiz 홈,0,4,0-3
네이버TV,0,2,0-3
티몬,0,5,0-3
트리플,0,1,0-3
Nintendo Switch Online,0,1,0-3
L.POINT,0,2,0-3
번개장터,0,1,0-3
oksusu,0,3,0-3
파인더,0,3,0-3
알송,0,1,0-3
CLASSUM,0,3,0-3
스마트택배,0,2,0-3
원터치알림,0,15,0-3
FocusMore,0,1,0-3
LG 키보드,0,2,0-3
CLiP,0,3,0-3
KB국민카드,0,1,0-3
OP.GG,0,1,0-3
CamScanner,0,1,0-3
TVING,0,1,0-3
통화 관리,0,8,0-3
Google 팟캐스트,0,1,0-3
KFTC FIDO LINK,0,1,0-3
One UI 홈,0,18,0-3
내 파일,0,7,0-3
알람몬,0,2,0-3
Prime Video,0,1,0-3
Reddit,0,1,0-3
Chrome,0,45,0-3
Todoist,0,1,0-3
The Day Before,0,7,0-3
통화 화면,0,6,0-3
지하철종결자,0,2,0-3
OTP,0,1,0-3
보안 폴더,0,2,0-3
Samsung Experience Service,0,1,0-3
Samsung ApexService,0,1,0-3
벽돌깨기 퍼즐,0,1,0-3
튜브박스,0,1,0-3
카카오뱅크,0,8,0-3
SSGPAY,0,1,0-3
KLMS,0,10,0-3
쿠팡,0,7,0-3
빅스비 홈,0,1,0-3
Duel Links,0,2,0-3
Polar Beat,0,52,0-3
고음질 녹음,0,2,0-3
캐시슬라이드 스텝업,0,2,0-3
Instagram,0,28,0-3
성경,0,1,0-3
다음,0,1,0-3
FOW.KR,0,1,0-3
Foodie,0,6,0-3
좋은 카메라,0,4,0-3
Intra,0,1,0-3
Samsung Pay,0,21,0-3
Pokémon GO,0,1,0-3
FLO,0,3,0-3
캐시워크,0,5,0-3
Samsung Members,0,1,0-3
설정,0,56,0-3
Settings Suggestions,0,1,0-3
Shutdown Monitor,0,3,0-3
카카오지하철,0,1,0-3
KAIST	Portal,0,7,0-3
캔디카메라,0,1,0-3
숨고,0,1,0-3
아만다,0,1,0-3
FIFA Mobile,0,2,0-3
Facebook,0,45,0-3
똑똑계산기,0,1,0-3
신한페이판,0,1,0-3
Polaris Office,0,3,0-3
수탉 알람시계,0,1,0-3
盒马,0,1,0-3
Samsung Music,0,6,0-3
카카오페이지,0,5,0-3
IV Go,0,1,0-3
Samsung Notes,0,8,0-3
지니 뮤직,0,4,0-3
Firefox,0,1,0-3
주소록,0,7,0-3
지그재그,0,1,0-3
소프트웨어 업데이트,0,7,0-3
카톡 프리뷰,0,2,0-3
Samsung Pass 자동 완성,0,3,0-3
쏠캘린더,0,2,0-3
InCallUI,0,1,0-3
지도,0,5,0-3
다방,0,2,0-3
캐시슬라이드,0,1,0-3
카카오택시,0,1,0-3
성경일독Q,0,1,0-3
카카오톡,0,78,0-3
Turbo VPN,0,1,0-3
삼성 키보드 뉴럴 베타,0,1,0-3
FANDOM,0,1,0-3
Forza,0,1,0-3
Papago,0,2,0-3
삼성 인터넷,0,35,0-3
인쇄 스풀러,0,2,0-3
EhViewer,0,2,0-3
기본홈(홈&앱서랍),0,1,0-3
라프텔,0,1,0-3
코레일톡,0,8,0-3
이사만루 2019,0,1,0-3
µTorrent,0,1,0-3
Habitica,0,2,0-3
ES 파일 탐색기,0,1,0-3
게임런처,0,7,0-3
사전,0,1,0-3
코인뷰,0,1,0-3
사운드 선택기,0,1,0-3
사용자 휴대폰 도우미,0,1,0-3
Spotify,0,1,0-3
러브데이,0,2,0-3
Paco,0,32,0-3
안드로이드 시스템,0,23,0-3
스마트 스캔,0,1,0-3
이미지 용량 줄이기,0,1,0-3
Pinterest,0,1,0-3
기억의 신,0,1,0-3
날씨,0,13,0-3
캘린더,0,24,0-3
Slack,0,2,0-3
EyeFilter,0,1,0-3
삼성 키보드,0,1,0-3
접근성,0,35,0-3
디즈니팝,0,1,0-3
캠퍼스팅,0,1,0-3
아이모,0,1,0-3
SleepTown,0,1,0-3
다나와 가격비교,0,1,0-3
컴프야2019,0,1,0-3
커플릿,0,1,0-3
꼼꼼달력메모,0,1,0-3
전화,0,34,0-3
KAIST Library,0,6,0-3
컬러노트,0,1,0-3
Samsung Health,0,3,0-3
삼성 캡처,0,5,0-3
ミリシタ,0,1,0-3
People edge,0,1,0-3
Evernote,0,4,0-3
컬쳐랜드,0,1,0-3
신한카드,0,2,0-3
Puffin,0,1,0-3
ISP/페이북,0,3,0-3
파일,0,4,0-3
AhnLab V3 Mobile Security,0,2,0-3
네이버 지도,0,11,0-3
한국투자	주식,0,1,0-3
카이스트 버스,0,1,0-3
메시지,0,45,0-3
Whale,0,1,0-3
첫화면 상식,0,1,0-3
올원뱅크,0,2,0-3
AhnLab V3 Mobile Plus 2.0,0,3,0-3
Microsoft Health,0,4,0-3
한컴오피스 viewer,0,7,0-3
루리웹,0,1,0-3
메모장,0,1,0-3
올레 tv 모바일,0,1,0-3
AfreecaTV,0,4,0-3
Wi-Fi,0,5,0-3
네이버 블로그,0,1,0-3
에스티엘,0,1,0-3
해피스크린,0,1,0-3
에어비앤비,0,1,0-3
공성삼국: 새 천하를 열다 Red,0,1,0-3
AirBattery,0,1,0-3
에브리타임,0,4,0-3
WeChat,0,1,0-3
Microsoft Launcher,0,1,0-3
Google Play 스토어,0,33,0-3
CJ대한통운 택배,0,1,0-3
모아락,0,1,0-3
우리카드,0,11,0-3
Android 시스템,0,13,0-3
WSJ,0,1,0-3
동영상,0,2,0-3
모바일교보문고,0,1,0-3
왓챠플레이,0,1,0-3
모바일결제 ISP,0,1,0-3
Adobe Acrobat,0,1,0-3
LoL 프렌즈,0,6,0-3
Walkr,0,1,0-3
시스템 런처,0,1,0-3
업비트,0,1,0-3
네이버 뮤직,0,1,0-3
국세청 홈택스,0,1,0-3
Q메모+,0,5,0-3
왓챠,0,1,0-3
Logger,0,34,0-3
SNOW,0,5,0-3
한국장학재단,0,1,0-3
하나1Q페이,0,2,0-3
드라이브,0,9,0-3
Google Play 서비스,0,17,0-3
에이블리,0,2,0-3
디바이스 관리,0,2,0-3
1km,0,1,0-3
네이버 웹툰,0,26,0-3
후후-유플러스,0,1,0-3
오늘의집,0,1,0-3
YouTube,0,58,0-3
연락처,0,12,0-3
Rummikub,0,1,0-3
11번가,0,3,0-3
휴대전화,0,1,0-3
Xodo Docs,0,1,0-3
Messenger Lite,0,1,0-3
리마인더,0,1,0-3
영웅문SG 베타,0,1,0-3
YouTube Music,0,5,0-3
네이버 사전,0,2,0-3
히어로칸타레,0,1,0-3
Melon,0,10,0-3
시스템 UI,0,50,0-3
1.1.1.1,0,1,0-3
카메라,0,36,0-3
Messenger,0,13,0-3
연락처와 다이얼,0,1,0-3
피키캐스트,0,1,0-3
Metal Madness,0,1,0-3
ABC Logger,0,20,0-3
다음웹툰,0,3,0-3
AZ Screen Recorder,0,1,0-3
Wi-Fi 다이렉트,0,1,0-3
오락_OK캐쉬백,0,1,0-3
시계,0,44,0-3
Word,0,2,0-3
헤이카카오,0,1,0-3
Microsoft Band,0,3,0-3
Google Play 게임,0,2,0-3
ANOTHER EDEN,0,1,0-3
후후,0,2,0-3
헬로마켓,0,1,0-3
마카롱,0,1,0-3
Zenly,0,3,0-3
Workspace,0,2,0-3
MUSINSA,0,1,0-3
마이리틀셰프,0,1,0-3
ZUMO,0,1,0-3
여기어때,0,1,0-3
마이 케이티,0,1,0-3
링크 공유,0,1,0-3
MX 플레이어,0,2,0-3
Mi 계산기,0,1,0-3
네이버 카페,0,6,0-3
Google,0,22,0-3
Bleacher Report,0,1,0-3
원스토어,0,10,0-3
Bluetooth,0,5,0-3
Blue Light Filter - Night Mode,0,1,0-3
도돌 런처,0,1,0-3
배달의민족,0,9,0-3
배달요기요,0,1,0-3
LIVE스코어,0,1,0-3
Bloomberg,0,1,0-3
U+ 고객센터,0,2,0-3
시외버스	모바일,0,5,0-3
페이트/그랜드오더,0,1,0-3
배경화면,0,3,0-3
W Concept,0,1,0-3
앱 설치 마법사,0,1,0-3
NFC 서비스,0,1,0-3
파일 관리자,0,1,0-3
SODA,0,5,0-3
Big Finish,0,1,0-3
밥대생,0,4,0-3
똑똑가계부,0,2,0-3
LG 페이,0,2,0-3
m.Stock,0,1,0-3
애니메이션 사진 위젯,0,1,0-3
원터치개인,0,7,0-3
카카오맵,0,5,0-3
버즈 런처,0,1,0-3
Bubble Shooter,0,1,0-3
Briefing,0,2,0-3
팝콘티비,0,1,0-3
알파카,0,1,0-3
T연락처,0,2,0-3
원스토어 서비스,0,2,0-3
넌얼마나쓰니,0,1,0-3
CGV,0,2,0-3
LINE,0,1,0-3
Brawl Stars,0,2,0-3
팟빵,0,1,0-3
SR 고속열차,0,5,0-3
NH뱅킹,0,1,0-3
고속버스 모바일,0,6,0-3
뱅크샐러드,0,2,0-3
NekoSushi,0,1,0-3
패키지 설치 프로그램,0,47,0-3
T전화,0,15,0-3
T멤버십,0,2,0-3
편한가계부,0,2,0-3
직방,0,1,0-3
프레젠테이션,0,1,0-3
CGV포토티켓,0,1,0-3
문피아,0,2,0-3
Twitch,0,2,0-3
우체국 스마트뱅킹,0,1,0-3
문서,0,1,0-3
프렌즈타운,0,2,0-3
Lite,0,2,0-3
슬립 베터,0,1,0-3
프렌즈팝콘,0,1,0-3
NAVER,0,13,0-3
VpnDialogs,0,2,0-3
얼리버드 알람,0,1,0-3
대전버스,0,1,0-3
카카오 T,0,3,0-3
피망 뉴맞고,0,1,0-3
김과외,0,1,0-3
LoL 상점,0,1,0-3
App Lock,0,1,0-3
어드벤처,0,1,0-3
롯데면세점,0,1,0-3
Google 뉴스,0,1,0-3
퓨처파이트,0,1,0-3
원더락,0,1,0-3
야놀자,0,1,0-3
Between,0,3,0-3
Last Arrows,0,1,0-3
냥코 대전쟁,0,1,0-3
갤러리,0,44,0-3
포토,0,2,0-3
NFC,0,2,0-3
미세미세,0,1,0-3
Netflix,0,12,0-3
ULike,0,1,0-3
Genius,0,1,0-3
BAND,0,4,0-3
원격 데스크톱,0,1,0-3
포토 에디터,0,3,0-3
VIBE,0,2,0-3
네이버 캘린더,0,3,0-3
LightSlinger,0,1,0-3
Gmail,0,12,0-3
B612,0,1,0-3
미디어 저장소,0,1,0-3
Puffin,1,1,3-6
Google 뉴스,1,1,3-6
HTML 뷰어,1,1,3-6
첫화면 상식,1,1,3-6
시외버스	모바일,1,1,3-6
Hue,1,1,3-6
지도,1,2,3-6
시스템 UI,1,35,3-6
신한카드,1,1,3-6
Google Play 서비스,1,9,3-6
Q메모+,1,3,3-6
직방,1,1,3-6
시스템 런처,1,1,3-6
Google Play 스토어,1,10,3-6
PowerPoint,1,1,3-6
지하철종결자,1,1,3-6
LightSlinger,1,1,3-6
알람몬,1,1,3-6
지니 뮤직,1,1,3-6
NAVER,1,10,3-6
Lite,1,2,3-6
우체국 스마트뱅킹,1,1,3-6
어드벤처,1,1,3-6
리디북스,1,1,3-6
도돌 런처,1,1,3-6
Last Arrows,1,1,3-6
원더락,1,1,3-6
고속버스 모바일,1,1,3-6
LIVE스코어,1,1,3-6
원스토어,1,1,3-6
LINE,1,1,3-6
알파카,1,1,3-6
NUGU,1,1,3-6
원터치개인,1,4,3-6
얼리버드 알람,1,1,3-6
우리카드,1,5,3-6
LoL 상점,1,1,3-6
Most,1,1,3-6
Messenger,1,7,3-6
Melon,1,2,3-6
연락처,1,3,3-6
오늘의집,1,1,3-6
에이블리,1,1,3-6
오늘하루,1,1,3-6
Microsoft Band,1,2,3-6
LG 페이,1,1,3-6
오락_OK캐쉬백,1,1,3-6
올레 tv 모바일,1,1,3-6
Microsoft Health,1,1,3-6
에브리타임,1,2,3-6
Microsoft Launcher,1,1,3-6
Logger,1,9,3-6
디바이스 케어,1,2,3-6
LoL 프렌즈,1,1,3-6
드라이브,1,3,3-6
Netflix,1,4,3-6
알송,1,1,3-6
원터치알림,1,6,3-6
기본홈(홈&앱서랍),1,1,3-6
아이모,1,1,3-6
KAIST Library,1,1,3-6
전화,1,11,3-6
KAIST GenChem,1,1,3-6
Piazza,1,1,3-6
KAIST	Portal,1,5,3-6
Papago,1,1,3-6
접근성,1,11,3-6
Pokémon GO,1,1,3-6
좋은 카메라,1,3,3-6
씀,1,1,3-6
Instagram,1,15,3-6
주소록,1,1,3-6
Polar Beat,1,19,3-6
신한페이판,1,1,3-6
아만다,1,1,3-6
게임런처,1,5,3-6
Paco,1,9,3-6
안드로이드 시스템,1,7,3-6
OK Cashbag,1,1,3-6
위메프,1,2,3-6
OP.GG,1,1,3-6
기본홈,1,19,3-6
알람이,1,1,3-6
디시인사이드,1,1,3-6
KLMS,1,9,3-6
이메일,1,4,3-6
위키백과,1,1,3-6
유니콘,1,1,3-6
음성 녹음,1,4,3-6
알람/시계,1,14,3-6
KB스타알림,1,3,3-6
알람/시간,1,1,3-6
계산기,1,4,3-6
알라미,1,2,3-6
One UI 홈,1,18,3-6
다음웹툰,1,2,3-6
영웅문S,1,1,3-6
시계,1,42,3-6
Discord,1,1,3-6
DU Speed Booster,1,1,3-6
토스,1,5,3-6
Walkr,1,1,3-6
Alipay,1,1,3-6
Cookie Run: OvenBreak,1,1,3-6
픽테일 - NewYork,1,1,3-6
통화,1,6,3-6
T 안심,1,7,3-6
Clean Master,1,1,3-6
모바일교보문고,1,1,3-6
통화 관리,1,2,3-6
TVING,1,1,3-6
Android 시스템,1,3,3-6
W Concept,1,1,3-6
복부 근육 트레이팅,1,1,3-6
Chrome,1,35,3-6
피키캐스트,1,1,3-6
내 파일,1,3,3-6
T map,1,1,3-6
통화 화면,1,2,3-6
타임스프레드,1,1,3-6
비디오 플레이어,1,3,3-6
삼성 인터넷,1,28,3-6
메시지,1,13,3-6
Between,1,2,3-6
날씨,1,1,3-6
코레일톡,1,4,3-6
한국장학재단,1,2,3-6
네이버 지도,1,2,3-6
사전,1,1,3-6
루딘프,1,1,3-6
Duel Links,1,2,3-6
쿠팡,1,2,3-6
AirVisual,1,1,3-6
Dropsync,1,8,3-6
빅스비 보이스,1,2,3-6
네트워크,1,1,3-6
네이버 뮤직,1,1,3-6
하나카드,1,1,3-6
Dropbox,1,1,3-6
timetable-core,1,1,3-6
Doctor Who,1,1,3-6
The Day Before,1,1,3-6
App Lock,1,1,3-6
모아락,1,1,3-6
파일탐색기,1,1,3-6
문피아,1,2,3-6
팝콘티비,1,1,3-6
뱅크샐러드,1,2,3-6
VIBE,1,1,3-6
Brawl Stars,1,1,3-6
팟빵,1,1,3-6
T전화,1,4,3-6
패키지 설치 프로그램,1,16,3-6
Bluetooth,1,1,3-6
배달의민족,1,3,3-6
Bloomberg,1,1,3-6
U+ 고객센터,1,2,3-6
페이트/그랜드오더,1,1,3-6
BAND,1,1,3-6
포토,1,1,3-6
Big Finish,1,1,3-6
U-OTP+,1,1,3-6
미세미세,1,1,3-6
버즈 런처,1,1,3-6
Auto Chess,1,1,3-6
Authentication Framework,1,1,3-6
blind,1,1,3-6
벽돌깨기 퍼즐,1,1,3-6
튜브박스,1,1,3-6
oksusu,1,1,3-6
Todoist,1,1,3-6
네이버TV,1,1,3-6
트위터,1,3,3-6
VpnDialogs,1,1,3-6
프렌즈팝콘,1,1,3-6
티몬,1,1,3-6
Whale,1,1,3-6
TouchWiz 홈,1,4,3-6
파인더,1,2,3-6
벅스,1,2,3-6
네이버 클라우드,1,1,3-6
CJ대한통운 택배,1,1,3-6
무비 메이커,1,1,3-6
파일,1,1,3-6
Turbo VPN,1,1,3-6
Twitch,1,1,3-6
파일 관리자,1,1,3-6
네이버 카페,1,2,3-6
AhnLab V3 Mobile Plus 2.0,1,2,3-6
EhViewer,1,1,3-6
Evernote,1,1,3-6
GGtics,1,1,3-6
리브,1,1,3-6
Free DS For Android 6,1,1,3-6
후후-유플러스,1,3,3-6
스마트 스캔,1,1,3-6
Samsung Experience 홈,1,32,3-6
후후,1,1,3-6
Forza,1,1,3-6
스냅스,1,1,3-6
盒马,1,1,3-6
ABC Logger,1,6,3-6
네이버 웹툰,1,13,3-6
Foodie,1,1,3-6
수탉 알람시계,1,1,3-6
Samsung Music,1,3,3-6
컴프야2019,1,1,3-6
카카오톡,1,57,3-6
마이리틀셰프,1,1,3-6
현대해상,1,1,3-6
Samsung Experience Service,1,1,3-6
카카오뱅크,1,1,3-6
Galaxy Store,1,1,3-6
스마트택배,1,1,3-6
Google Play 뮤직,1,1,3-6
카메라,1,10,3-6
Rummikub,1,1,3-6
네이버 사전,1,2,3-6
카이스트 모바일 메일,1,1,3-6
YouTube Music,1,2,3-6
히어로칸타레,1,1,3-6
슬립 베터,1,1,3-6
SNOW,1,1,3-6
마카롱,1,1,3-6
Google,1,9,3-6
카카오 T,1,1,3-6
갤러리,1,15,3-6
Gmail,1,2,3-6
Gear S PlugIn,1,1,3-6
SODA,1,2,3-6
SR 고속열차,1,2,3-6
휴대전화,1,1,3-6
11번가,1,1,3-6
YouTube,1,38,3-6
10000!,1,1,3-6
카카오페이지,1,5,3-6
FocusMore,1,1,3-6
ANOTHER EDEN,1,1,3-6
Security Master,1,1,3-6
설정,1,25,3-6
FLO,1,2,3-6
Samsung Notes,1,2,3-6
해피스크린,1,1,3-6
Adobe Acrobat,1,1,3-6
Shutdown Monitor,1,2,3-6
삼성 키보드 뉴럴 베타,1,1,3-6
Samsung account,1,1,3-6
삼성 키보드,1,1,3-6
Wi-Fi,1,3,3-6
AfreecaTV,1,2,3-6
ミリシタ,1,1,3-6
캠퍼스팅,1,1,3-6
SleepTown,1,1,3-6
한컴오피스 viewer,1,3,3-6
삼성 캡처,1,5,3-6
컬러노트,1,1,3-6
캘린더,1,5,3-6
메모,1,1,3-6
캐시워크,1,5,3-6
넌얼마나쓰니,1,1,3-6
Facebook,1,33,3-6
성경일독Q,1,1,3-6
Samsung Pay,1,7,3-6
네이버 블로그,1,1,3-6
WiFi Mouse,1,1,3-6
Word,1,2,3-6
성경,1,1,3-6
캐시슬라이드,1,1,3-6
Zenly,1,1,3-6
카톡 프리뷰,1,1,3-6
캐시슬라이드 스텝업,1,2,3-6
소프트웨어 업데이트,1,4,3-6
FOW.KR,1,1,3-6
메시지,2,21,6-9
문피아,2,1,6-9
YouTube Music,2,6,6-9
Whale,2,1,6-9
디바이스 케어,2,1,6-9
고속버스 모바일,2,3,6-9
에브리타임,2,2,6-9
Messenger,2,8,6-9
NAVER,2,6,6-9
Microsoft Band,2,2,6-9
YouTube,2,30,6-9
VIBE,2,1,6-9
Microsoft Launcher,2,1,6-9
Wi-Fi,2,3,6-9
연락처,2,3,6-9
모아락,2,1,6-9
Walkr,2,1,6-9
몰테일,2,1,6-9
업비트,2,1,6-9
Zenly,2,2,6-9
루리웹,2,1,6-9
디바이스 관리,2,1,6-9
모바일	티머니,2,1,6-9
롤도우미,2,1,6-9
밥대생,2,4,6-9
소프트웨어 업데이트,2,2,6-9
Samsung Notes,2,4,6-9
Polar Beat,2,39,6-9
성경일독Q,2,1,6-9
쏠캘린더,2,1,6-9
게임런처,2,3,6-9
Pokémon GO,2,1,6-9
Samsung Music,2,2,6-9
똑똑계산기,2,1,6-9
아만다,2,1,6-9
Pinterest,2,1,6-9
Shutdown Monitor,2,1,6-9
ミリシタ,2,1,6-9
디즈니팝,2,1,6-9
SleepTown,2,1,6-9
삼성 캡처,2,1,6-9
설정,2,38,6-9
삼성 인터넷,2,27,6-9
Polaris Office,2,1,6-9
숨고,2,1,6-9
Rummikub,2,1,6-9
갤러리,2,5,6-9
시스템 UI,2,36,6-9
Q메모+,2,1,6-9
슬립 베터,2,1,6-9
SNOW,2,2,6-9
시스템 런처,2,1,6-9
수탉 알람시계,2,1,6-9
SR 고속열차,2,1,6-9
시외버스	모바일,2,4,6-9
스마트택배,2,2,6-9
스마트 스캔,2,1,6-9
신한 쏠(SOL),2,1,6-9
PowerPoint,2,1,6-9
Samsung Experience 홈,2,36,6-9
Samsung Health,2,5,6-9
똑똑가계부,2,2,6-9
아이모,2,1,6-9
Papago,2,1,6-9
Smart​Things,2,2,6-9
알람이,2,1,6-9
Todoist,2,1,6-9
번역,2,2,6-9
번개장터,2,1,6-9
TouchWiz 홈,2,4,6-9
벅스,2,2,6-9
Netflix,2,6,6-9
oksusu,2,1,6-9
Twitch,2,1,6-9
NUGU,2,1,6-9
T멤버십,2,1,6-9
T연락처,2,1,6-9
알파카,2,1,6-9
T전화,2,6,6-9
배달의민족,2,1,6-9
야구친구,2,1,6-9
버즈 런처,2,1,6-9
알람몬,2,1,6-9
OTP,2,1,6-9
시계,2,49,6-9
디시인사이드,2,1,6-9
사전,2,1,6-9
Paco,2,13,6-9
러브데이,2,1,6-9
빅스비 홈,2,1,6-9
빅스비 보이스,2,7,6-9
안드로이드 시스템,2,8,6-9
Suunto,2,1,6-9
비주얼 가계부,2,1,6-9
알라미,2,4,6-9
알람/시간,2,1,6-9
계산기,2,4,6-9
pixiv,2,1,6-9
알람/시계,2,18,6-9
T 안심,2,5,6-9
One UI 홈,2,18,6-9
TVING,2,1,6-9
미세미세,2,2,6-9
Samsung Pay,2,10,6-9
리디북스,2,1,6-9
CGV,2,1,6-9
넌얼마나쓰니,2,1,6-9
Between,2,1,6-9
KB스타뱅킹,2,1,6-9
카카오맵,2,1,6-9
대기오염정보,2,1,6-9
Galaxy Wearable,2,1,6-9
페이트/그랜드오더,2,1,6-9
타임스프레드,2,1,6-9
음악,2,1,6-9
펀드슈퍼마켓,2,1,6-9
KB국민카드,2,1,6-9
이메일,2,3,6-9
패키지 설치 프로그램,2,29,6-9
Discord,2,3,6-9
Bluetooth,2,4,6-9
카카오 T,2,3,6-9
KAIST 전자식복무관리시스템,2,2,6-9
자산관리,2,1,6-9
네이버 캘린더,2,1,6-9
토스,2,4,6-9
BAND,2,3,6-9
KB스타알림,2,2,6-9
LG 키보드,2,2,6-9
피키캐스트,2,1,6-9
Android 시스템,2,2,6-9
원터치알림,2,8,6-9
카카오스탁,2,2,6-9
위메프,2,1,6-9
피망 뉴맞고,2,1,6-9
Forza,2,1,6-9
Galaxy Store,2,3,6-9
Dropsync,2,3,6-9
카카오버스,2,1,6-9
KLMS,2,8,6-9
카카오뱅크,2,1,6-9
Galaxy Buds,2,1,6-9
KFTC FIDO LINK,2,1,6-9
B612,2,1,6-9
윈드러너Z,2,1,6-9
음성 녹음,2,2,6-9
기본홈,2,20,6-9
카카오스토리,2,1,6-9
Gmail,2,6,6-9
Brawl Stars,2,2,6-9
지니 뮤직,2,2,6-9
첫화면 상식,2,2,6-9
티몬,2,2,6-9
지도,2,1,6-9
Google Play 북,2,1,6-9
Google Play 서비스,2,6,6-9
지퍼7,2,1,6-9
트위터,2,5,6-9
통화 관리,2,2,6-9
CYBOS Touch,2,1,6-9
기억의 신,2,1,6-9
다음웹툰,2,1,6-9
지하철종결자,2,1,6-9
튜브박스,2,1,6-9
내 파일,2,3,6-9
Google 뉴스,2,1,6-9
통화 화면,2,4,6-9
CaptivePortalLogin,2,3,6-9
Chrome,2,34,6-9
팟빵,2,1,6-9
네이버TV,2,2,6-9
Clean Master,2,2,6-9
KAIST Library,2,2,6-9
전화,2,9,6-9
기본홈(홈&앱서랍),2,1,6-9
Google,2,13,6-9
Cookie Run: OvenBreak,2,1,6-9
Briefing,2,1,6-9
카이스트 버스,2,1,6-9
KAIST	Portal,2,4,6-9
파인더,2,1,6-9
접근성,2,24,6-9
통화,2,5,6-9
좋은 카메라,2,4,6-9
Google Play 게임,2,1,6-9
Instagram,2,13,6-9
카메라,2,16,6-9
파일,2,1,6-9
Google Play 뮤직,2,1,6-9
주소록,2,2,6-9
냥코 대전쟁,2,1,6-9
쿠팡,2,3,6-9
네이버 카페,2,4,6-9
Duel Links,2,1,6-9
호갱노노,2,1,6-9
네이버 웹툰,2,11,6-9
FOW.KR,2,1,6-9
AIA Vitality T건강걷기,2,1,6-9
Logger,2,25,6-9
나무위키뷰어,2,1,6-9
Evernote,2,1,6-9
캐시슬라이드,2,1,6-9
Facebook,2,41,6-9
LoL 프렌즈,2,1,6-9
카톡 프리뷰,2,2,6-9
AccuBattery,2,1,6-9
해피스크린,2,1,6-9
컴프야2019,2,2,6-9
Lite,2,1,6-9
EhViewer,2,1,6-9
코레일톡,2,3,6-9
캐시슬라이드 스텝업,2,2,6-9
카카오페이지,2,4,6-9
올원뱅크,2,1,6-9
Excel,2,1,6-9
Melon,2,4,6-9
캐시워크,2,5,6-9
네이버 앱스토어,2,1,6-9
10000!,2,1,6-9
영웅문SG 베타,2,1,6-9
FIFA Online 4 M,2,1,6-9
캔디팡:쥬시월드,2,1,6-9
11번가,2,1,6-9
MX 플레이어,2,1,6-9
EyeFilter,2,1,6-9
오늘의집,2,1,6-9
캘린더,2,18,6-9
FLO,2,2,6-9
드라이브,2,3,6-9
오락_OK캐쉬백,2,1,6-9
ABC Logger,2,3,6-9
M-able,2,1,6-9
올레 tv 모바일,2,1,6-9
도돌 런처,2,1,6-9
Google Play 스토어,2,11,6-9
Firefox,2,1,6-9
한컴오피스 viewer,2,3,6-9
카카오톡,2,68,6-9
날씨,2,9,6-9
FocusMore,2,1,6-9
LIVE스코어,2,1,6-9
AirBattery,2,1,6-9
코인뷰,2,1,6-9
네이버 지도,2,5,6-9
AhnLab V3 Mobile Plus 2.0,2,1,6-9
원더락,2,1,6-9
LINE,2,1,6-9
원터치개인,2,3,6-9
원기날씨,2,1,6-9
LG 페이,2,2,6-9
다나와 가격비교,3,1,9-12
삼성 캡처,3,6,9-12
T 안심,3,3,9-12
Duel Links,3,2,9-12
빅스비 보이스,3,15,9-12
보이스 케어,3,1,9-12
The Day Before,3,5,9-12
캠퍼스팅,3,1,9-12
Excel,3,3,9-12
사운드코르셋 튜너 & 메트로놈,3,1,9-12
캔디카메라,3,1,9-12
통화,3,14,9-12
Clean Master,3,2,9-12
캘린더,3,32,9-12
ミリシタ,3,1,9-12
Study,3,1,9-12
삼성 키보드,3,5,9-12
러브데이,3,1,9-12
복부 근육 트레이팅,3,1,9-12
날씨,3,26,9-12
빅스비 비전,3,1,9-12
Spotify,3,1,9-12
통화 서비스,3,1,9-12
Skype,3,1,9-12
Slack,3,3,9-12
쿠팡,3,10,9-12
Dropsync,3,26,9-12
콴다 선생님,3,1,9-12
TVING,3,1,9-12
통화 관리,3,10,9-12
코인뷰,3,1,9-12
Chrome,3,48,9-12
네이버TV,3,3,9-12
붕괴3rd,3,1,9-12
클래시 로얄,3,1,9-12
T map,3,4,9-12
Discord,3,3,9-12
타임스프레드,3,1,9-12
컴프야2019,3,1,9-12
SmartWorld,3,1,9-12
EhViewer,3,2,9-12
내 멤버십 카드,3,1,9-12
Smart​Things,3,3,9-12
타이젬 바둑,3,1,9-12
Dreamclass,3,1,9-12
Edge screen,3,2,9-12
S플래너,3,1,9-12
DraStic,3,1,9-12
비디오 플레이어,3,7,9-12
S보이스,3,1,9-12
사전,3,1,9-12
Dropbox,3,2,9-12
네트워크,3,3,9-12
브롤스타즈,3,2,9-12
레진코믹스,3,2,9-12
퀵 비디오 편집기,3,1,9-12
브랜디,3,1,9-12
timetable-core,3,1,9-12
크루비,3,1,9-12
EML Reader FREE,3,1,9-12
SleepTown,3,1,9-12
커플릿,3,1,9-12
Cookie Run: OvenBreak,3,3,9-12
T world,3,4,9-12
토스,3,21,9-12
Evernote,3,4,9-12
코레일톡,3,12,9-12
Suunto,3,1,9-12
Sound+,3,1,9-12
Smart Tools,3,1,9-12
비주얼 가계부,3,1,9-12
롤도우미,3,1,9-12
삼성 인터넷,3,41,9-12
고음질 녹음,3,1,9-12
oksusu,3,1,9-12
해커스인강	챔프스터디,3,1,9-12
한컴오피스 viewer,3,12,9-12
Zenly,3,1,9-12
AfreecaTV,3,2,9-12
메모장,3,2,9-12
Whale,3,1,9-12
네이버 웹툰,3,21,9-12
AhnLab V3 Mobile Plus 2.0,3,3,9-12
한컴오피스 S 뷰어,3,1,9-12
WeChat,3,2,9-12
AirBattery,3,1,9-12
메시지,3,68,9-12
하스스톤,3,1,9-12
메이비베이비,3,1,9-12
AirMapKorea,3,1,9-12
AliExpress,3,1,9-12
하나1Q페이,3,3,9-12
모바일	티머니,3,1,9-12
네이버 지도,3,13,9-12
Wahoo,3,1,9-12
피키캐스트,3,1,9-12
모바일교보문고,3,1,9-12
롯데시네마,3,1,9-12
WSJ,3,1,9-12
W Concept,3,1,9-12
Android 시스템,3,16,9-12
피망 뉴맞고,3,1,9-12
플레이윙즈,3,1,9-12
VpnDialogs,3,2,9-12
Adobe Acrobat,3,4,9-12
네이버 메일,3,2,9-12
Wi-Fi,3,15,9-12
메모,3,2,9-12
YouTube Music,3,6,9-12
히어로칸타레,3,1,9-12
1.1.1.1,3,1,9-12
리마인더,3,4,9-12
리멤버,3,1,9-12
YouTube,3,52,9-12
휴대전화,3,1,9-12
11번가,3,3,9-12
후후-유플러스,3,3,9-12
리브,3,1,9-12
루리웹,3,1,9-12
후후,3,7,9-12
Xodo Docs,3,1,9-12
29CM,3,1,9-12
ABC Logger,3,35,9-12
마이 케이티,3,1,9-12
호갱노노,3,1,9-12
X-plore,3,1,9-12
Workspace,3,2,9-12
AIA Vitality T건강걷기,3,1,9-12
현대카드,3,1,9-12
헬로마켓,3,1,9-12
마카롱,3,1,9-12
Word,3,4,9-12
ANOTHER EDEN,3,1,9-12
네이버 블로그,3,2,9-12
맥딜리버리,3,1,9-12
해피포인트,3,1,9-12
해피스크린,3,1,9-12
AdGuard,3,1,9-12
CaptivePortalLogin,3,2,9-12
프렌즈팝콘,3,1,9-12
프렌즈타운,3,2,9-12
버스타고,3,1,9-12
T멤버십,3,4,9-12
Briefing,3,3,9-12
파일 관리자,3,5,9-12
FIFA Mobile,3,1,9-12
버즈 런처,3,1,9-12
롯데리아,3,3,9-12
Twitch,3,2,9-12
CGV,3,1,9-12
파일,3,3,9-12
Turbo VPN,3,1,9-12
CJ ONE,3,1,9-12
CJ대한통운 택배,3,1,9-12
파인더,3,5,9-12
CLASSUM,3,2,9-12
벅스,3,5,9-12
네이버 클라우드,3,1,9-12
티몬,3,4,9-12
TouchWiz 홈,3,4,9-12
CLiP,3,2,9-12
트위터,3,6,9-12
CNCITY에너지,3,1,9-12
번개장터,3,1,9-12
CYBOS Touch,3,1,9-12
내 파일,3,13,9-12
튜브박스,3,1,9-12
번역,3,2,9-12
통화 화면,3,12,9-12
벽돌깨기 퍼즐,3,1,9-12
m.Stock,3,1,9-12
Arcane Tracker,3,1,9-12
뱅크샐러드,3,2,9-12
Brawl Stars,3,2,9-12
무한의 계단,3,1,9-12
문서,3,1,9-12
Atomas,3,1,9-12
프레젠테이션,3,11,9-12
네이버 카페,3,5,9-12
VIBE,3,3,9-12
B612,3,3,9-12
포토 에디터,3,2,9-12
넌얼마나쓰니,3,2,9-12
문피아,3,1,9-12
brunch,3,1,9-12
BAND,3,7,9-12
포토,3,1,9-12
Between,3,2,9-12
미세미세,3,3,9-12
편한가계부,3,4,9-12
바비톡,3,1,9-12
페이트/그랜드오더,3,1,9-12
밥대생,3,11,9-12
Bleacher Report,3,1,9-12
Bloomberg,3,1,9-12
iSafe,3,1,9-12
패키지 설치 프로그램,3,72,9-12
T전화 통화,3,1,9-12
배달의민족,3,4,9-12
Bluetooth,3,13,9-12
네이버 캘린더,3,2,9-12
T전화,3,19,9-12
팟빵,3,1,9-12
팝콘티비,3,1,9-12
삼성앱카드,3,1,9-12
0한동,3,1,9-12
Pinterest,3,1,9-12
당근마켓,3,2,9-12
이메일,3,11,9-12
KB국민카드,3,1,9-12
안드로이드 시스템,3,25,9-12
이랜드몰,3,2,9-12
오디오클립,3,1,9-12
PES 2019 PRO EVOLUTION SOCCER,3,1,9-12
알라딘,3,1,9-12
이동거리,3,1,9-12
PAYCO,3,2,9-12
KB스마트원 통합인증,3,1,9-12
대기오염정보,3,1,9-12
알라미,3,4,9-12
KB스타뱅킹,3,2,9-12
PASS,3,6,9-12
음악,3,8,9-12
OneNote,3,1,9-12
MTP 애플리케이션,3,1,9-12
Microsoft Band,3,21,9-12
알람/시간,3,1,9-12
OneDrive,3,1,9-12
KB스타알림,3,4,9-12
음성 녹음,3,6,9-12
One UI 홈,3,18,9-12
위키백과,3,1,9-12
알람/시계,3,18,9-12
계산기,3,19,9-12
KBO STATS,3,1,9-12
Paco,3,78,9-12
KAIST 전자식복무관리시스템,3,3,9-12
디시인사이드,3,4,9-12
Polar Beat,3,77,9-12
InCallUI,3,1,9-12
Mi Fit,3,1,9-12
좋은 카메라,3,4,9-12
쏠캘린더,3,2,9-12
Instagram,3,33,9-12
Pokémon GO,3,2,9-12
MUSINSA,3,1,9-12
Intra,3,3,9-12
기본홈(홈&앱서랍),3,1,9-12
접근성,3,52,9-12
JAM Live,3,1,9-12
Shutdown Monitor,3,4,9-12
KFTC FIDO LINK,3,1,9-12
아만다,3,1,9-12
KAIST	Portal,3,19,9-12
게임런처,3,9,9-12
아이디어스,3,1,9-12
Perfect Viewer,3,1,9-12
에이블리,3,2,9-12
전화,3,41,9-12
KAIST Library,3,2,9-12
잠금화면 설정,3,2,9-12
아이모,3,1,9-12
오늘의집,3,1,9-12
인쇄 스풀러,3,1,9-12
아이쉐어링,3,1,9-12
아이즈원 프라이빗 메일,3,1,9-12
Piazza,3,1,9-12
주소록,3,12,9-12
기본홈,3,22,9-12
위비톡,3,4,9-12
에브리타임,3,11,9-12
NFC 서비스,3,1,9-12
원더락,3,1,9-12
야구친구,3,1,9-12
원기날씨,3,1,9-12
야놀자,3,4,9-12
원격 데스크톱,3,2,9-12
우체국 스마트뱅킹,3,1,9-12
어드벤처,3,1,9-12
고속버스 모바일,3,7,9-12
NAVER,3,20,9-12
Lite,3,2,9-12
도돌 런처,3,1,9-12
My Application1,3,1,9-12
어시스턴트,3,1,9-12
올원뱅크,3,2,9-12
우리카드,3,7,9-12
얼리버드 알람,3,1,9-12
LoL 상점,3,1,9-12
왓챠플레이,3,1,9-12
Mobile Print,3,1,9-12
LoL 프렌즈,3,2,9-12
업비트,3,2,9-12
왓챠,3,1,9-12
디바이스 관리,3,2,9-12
Microsoft Launcher,3,1,9-12
동영상,3,3,9-12
LIVE스코어,3,1,9-12
원스토어,3,3,9-12
LINE,3,1,9-12
알파카,3,3,9-12
KLMS,3,33,9-12
알람몬,3,2,9-12
위비뱅크,3,1,9-12
OP.GG,3,2,9-12
위메프,3,3,9-12
KM플레이어 Pro,3,1,9-12
KT 멤버십,3,1,9-12
알람이,3,1,9-12
OK Cashbag,3,1,9-12
원터치알림,3,25,9-12
알바몬,3,2,9-12
알바천국,3,1,9-12
L.POINT,3,1,9-12
OTP,3,2,9-12
알송,3,1,9-12
원터치개인 삼성페이,3,1,9-12
원터치개인,3,16,9-12
오락_OK캐쉬백,3,1,9-12
M-able,3,2,9-12
NekoSushi,3,1,9-12
네이버 사전,3,3,9-12
알집,3,2,9-12
디바이스 케어,3,4,9-12
LG 페이,3,6,9-12
Microsoft Health,3,12,9-12
원스토어 서비스,3,2,9-12
원스토어 북스,3,1,9-12
더캠프,3,1,9-12
Netflix,3,7,9-12
Logger,3,67,9-12
쏘카,3,1,9-12
다음카페,3,1,9-12
소프트웨어 업데이트,3,7,9-12
꽁음따 시즌4,3,1,9-12
카카오톡,3,79,9-12
Samsung Music,3,6,9-12
FocusMore,3,1,9-12
연락처와 다이얼,3,1,9-12
카카오지하철,3,2,9-12
Foodie,3,5,9-12
수탉 알람시계,3,1,9-12
꼼꼼달력메모,3,1,9-12
카카오스토리,3,2,9-12
숨고,3,1,9-12
Samsung Health,3,9,9-12
카카오스탁,3,2,9-12
다음,3,1,9-12
自走棋测试服,3,1,9-12
Samsung Experience 홈,3,40,9-12
Medium,3,1,9-12
Forza,3,1,9-12
카카오버스,3,3,9-12
카카오뱅크,3,14,9-12
스마트 스캔,3,1,9-12
Samsung Experience Service,3,2,9-12
똑똑가계부,3,5,9-12
Galaxy Buds,3,2,9-12
연락처,3,19,9-12
Galaxy Store,3,1,9-12
카카오톡 치즈,3,1,9-12
카카오맵,3,4,9-12
Firefox,3,1,9-12
카카오페이지,3,4,9-12
캐시워크,3,5,9-12
Melon,3,8,9-12
삼성카드,3,1,9-12
똑똑계산기,3,1,9-12
Send Anywhere,3,1,9-12
서머너즈 워,3,1,9-12
서울스토어,3,1,9-12
FIFA Online 4 M,3,1,9-12
FLO,3,2,9-12
나무위키뷰어,3,1,9-12
설정,3,72,9-12
Samsung account,3,1,9-12
캐시슬라이드 스텝업,3,2,9-12
Samsung Pay (Watch plug-in),3,1,9-12
FOW.KR,3,1,9-12
성경,3,1,9-12
Messenger,3,15,9-12
Samsung Pay,3,23,9-12
캐시슬라이드,3,1,9-12
Facebook,3,47,9-12
카톡 프리뷰,3,1,9-12
Samsung Pass 자동 완성,3,4,9-12
FatSecret,3,2,9-12
Samsung Pass,3,1,9-12
성경일독Q,3,1,9-12
영웅문S,3,1,9-12
다방,3,1,9-12
Samsung Notes,3,6,9-12
실행 프로그램,3,1,9-12
올원페이	(NH앱카드),3,1,9-12
SR 고속열차,3,3,9-12
시스템 UI,3,51,9-12
디코드,3,1,9-12
Q메모+,3,10,9-12
Google Play 서비스,3,36,9-12
다음웹툰,3,3,9-12
Q렌즈,3,1,9-12
직방,3,2,9-12
Google Play 스토어,3,46,9-12
시스템 런처,3,1,9-12
MX 플레이어,3,2,9-12
기억의 신,3,1,9-12
지하철종결자,3,2,9-12
Puffin,3,2,9-12
RX TIMER,3,1,9-12
Google 뉴스,3,2,9-12
디즈니팝,3,1,9-12
G마켓,3,2,9-12
지퍼7,3,3,9-12
신한 쏠(SOL),3,2,9-12
PowerPoint,3,3,9-12
H&M,3,1,9-12
HTV 3.4.6,3,1,9-12
지도,3,7,9-12
신한카드,3,1,9-12
ISP/페이북,3,4,9-12
여기어때,3,1,9-12
Polaris Office,3,8,9-12
지니 뮤직,3,3,9-12
시외버스	모바일,3,10,9-12
스마트택배,3,3,9-12
예스24 도서,3,1,9-12
시리즈,3,1,9-12
Galaxy Themes,3,2,9-12
김과외,3,1,9-12
스마트헌혈,3,1,9-12
Galaxy Wearable,3,1,9-12
스타벅스,3,1,9-12
가톨릭,3,1,9-12
스터디헬퍼,3,1,9-12
SODA,3,5,9-12
카카오 T,3,6,9-12
영웅문SG 베타,3,1,9-12
Gear S PlugIn,3,1,9-12
스프레드시트,3,2,9-12
RadDog,3,1,9-12
Gmail,3,15,9-12
카이스트 버스,3,2,9-12
Google,3,21,9-12
카이스트 모바일 메일,3,1,9-12
슬립 베터,3,1,9-12
Google PDF 뷰어,3,1,9-12
카메라,3,48,9-12
Rummikub,3,1,9-12
Google Play 게임,3,1,9-12
Google Play 뮤직,3,1,9-12
시계,3,46,9-12
갤러리,3,47,9-12
드라이브,3,29,9-12
첫화면 상식,3,1,9-12
SNOW,3,4,9-12
드라이브,4,24,12-15
루리웹,4,1,12-15
다나와 가격비교,4,1,12-15
도돌 런처,4,1,12-15
똑똑계산기,4,1,12-15
네트워크,4,5,12-15
다방,4,1,12-15
러브데이,4,3,12-15
다음,4,2,12-15
다음사전,4,1,12-15
네이트,4,1,12-15
네이버TV,4,2,12-15
레진코믹스,4,1,12-15
디코드,4,1,12-15
디즈니팝,4,1,12-15
동영상,4,3,12-15
다음웹툰,4,3,12-15
다이소몰,4,1,12-15
네이버 캘린더,4,3,12-15
디시인사이드,4,4,12-15
롯데리아,4,1,12-15
롯데면세점,4,1,12-15
대기오염정보,4,1,12-15
네이버 지도,4,22,12-15
디바이스 케어,4,6,12-15
롯데시네마,4,3,12-15
대한항공,4,1,12-15
네이버 웹툰,4,22,12-15
다이소 멤버십,4,1,12-15
똑똑가계부,4,5,12-15
에브리타임,4,14,12-15
리마인더,4,5,12-15
첫화면 상식,4,1,12-15
카메라,4,58,12-15
카이스트 버스,4,4,12-15
카카오 T,4,3,12-15
카카오맵,4,9,12-15
카카오뱅크,4,12,12-15
카카오버스,4,2,12-15
카카오스탁,4,2,12-15
카카오스토리,4,1,12-15
카카오지하철,4,1,12-15
착한음악,4,1,12-15
카카오택시,4,1,12-15
카카오페이지,4,6,12-15
카톡 프리뷰,4,1,12-15
캐시슬라이드,4,1,12-15
캐시슬라이드 스텝업,4,2,12-15
캐시워크,4,5,12-15
캘린더,4,38,12-15
캠퍼스팅,4,1,12-15
커플릿,4,1,12-15
컬쳐랜드,4,3,12-15
컴프야2019,4,2,12-15
카카오톡,4,79,12-15
코레일톡,4,13,12-15
직방,4,4,12-15
지퍼7,4,2,12-15
원격 데스크톱,4,2,12-15
원더락,4,1,12-15
원스토어,4,9,12-15
원스토어 서비스,4,5,12-15
원터치개인,4,18,12-15
원터치알림,4,26,12-15
위메프,4,3,12-15
위비뱅크,4,2,12-15
위비톡,4,3,12-15
음성 녹음,4,10,12-15
지하철종결자,4,4,12-15
음악,4,8,12-15
이메일,4,14,12-15
이사만루 2019,4,1,12-15
잠금화면 설정,4,1,12-15
전화,4,40,12-15
접근성,4,45,12-15
정부24,4,1,12-15
좋은 카메라,4,4,12-15
주소록,4,14,12-15
지니 뮤직,4,5,12-15
지도,4,12,12-15
음악 플레이어,4,1,12-15
우체국 스마트뱅킹,4,1,12-15
코인뷰,4,1,12-15
쿠팡,4,5,12-15
프레젠테이션,4,7,12-15
프렌즈타운,4,2,12-15
프렌즈팝콘,4,1,12-15
피망 뉴맞고,4,1,12-15
피키캐스트,4,1,12-15
픽테일 - NewYork,4,1,12-15
하나1Q페이,4,4,12-15
하나멤버스,4,1,12-15
하나카드,4,1,12-15
하스스톤,4,2,12-15
퓨처파이트,4,1,12-15
한국장학재단,4,3,12-15
한컴오피스 S 뷰어,4,1,12-15
한컴오피스 viewer,4,12,12-15
해피스크린,4,1,12-15
해피포인트,4,2,12-15
현대해상,4,1,12-15
호갱노노,4,1,12-15
후후,4,4,12-15
휴대전화,4,1,12-15
휴대폰,4,1,12-15
히어로칸타레,4,1,12-15
한국투자	주식,4,1,12-15
콴다 선생님,4,2,12-15
포토 에디터,4,5,12-15
포코포코,4,1,12-15
클래시 로얄,4,1,12-15
클리너,4,1,12-15
타임스프레드,4,1,12-15
텍뷰,4,1,12-15
텔레그램,4,3,12-15
토스,4,33,12-15
통화,4,15,12-15
통화 관리,4,15,12-15
통화 서비스,4,1,12-15
통화 화면,4,13,12-15
포토,4,7,12-15
튜브박스,4,1,12-15
트위터,4,5,12-15
티몬,4,3,12-15
파인더,4,7,12-15
파일,4,5,12-15
파일 관리자,4,1,12-15
팝콘티비,4,1,12-15
팟빵,4,1,12-15
패키지 설치 프로그램,4,62,12-15
페이트/그랜드오더,4,1,12-15
편한가계부,4,4,12-15
트리플,4,1,12-15
리리앤코,4,1,12-15
우먼스톡,4,1,12-15
요금안내서 Bill Letter,4,1,12-15
봄 캘린더,4,1,12-15
붕괴3rd,4,1,12-15
브랜디,4,1,12-15
브로콜리,4,1,12-15
브롤스타즈,4,1,12-15
비디오 플레이어,4,6,12-15
비주얼 가계부,4,1,12-15
빅스비 보이스,4,17,12-15
빅스비 비전,4,1,12-15
빅스비 홈,4,2,12-15
복부 근육 트레이팅,4,1,12-15
빅토(VicTo) Google,4,1,12-15
삼성 음성 입력,4,1,12-15
삼성 인터넷,4,41,12-15
삼성 캡처,4,11,12-15
삼성 클라우드,4,1,12-15
삼성 키보드,4,3,12-15
삼성앱카드,4,1,12-15
삼성카드,4,1,12-15
설정,4,71,12-15
성경,4,1,12-15
성경일독Q,4,1,12-15
사전,4,1,12-15
소프트웨어 업데이트,4,6,12-15
보안 폴더,4,1,12-15
벽돌깨기 퍼즐,4,1,12-15
리브,4,1,12-15
리브메이트,4,1,12-15
마이 케이티,4,2,12-15
마이리틀셰프,4,1,12-15
메가박스,4,1,12-15
메모,4,2,12-15
메모위젯,4,1,12-15
메모장,4,1,12-15
메시지,4,72,12-15
모바일	티머니,4,1,12-15
보안,4,1,12-15
모바일교보문고,4,2,12-15
문피아,4,2,12-15
미디어 저장소,4,1,12-15
미세미세,4,4,12-15
밥대생,4,6,12-15
배달요기요,4,1,12-15
배달의민족,4,7,12-15
뱅크샐러드,4,5,12-15
버즈 런처,4,1,12-15
벅스,4,6,12-15
번역,4,2,12-15
문서,4,2,12-15
우리카드,4,10,12-15
숨고,4,1,12-15
스마트 스캔,4,1,12-15
알송,4,2,12-15
알집,4,1,12-15
알파카,4,6,12-15
야구친구,4,1,12-15
야놀자,4,2,12-15
어스,4,1,12-15
얼리버드 알람,4,1,12-15
업비트,4,1,12-15
에뛰드하우스,4,1,12-15
에이블리,4,2,12-15
알람이,4,1,12-15
여기어때,4,1,12-15
연락처와 다이얼,4,1,12-15
영웅문S,4,2,12-15
영웅문SG 베타,4,1,12-15
오늘의집,4,1,12-15
오락_OK캐쉬백,4,1,12-15
오목,4,1,12-15
옥션,4,1,12-15
올원뱅크,4,2,12-15
와디즈,4,1,12-15
왓챠,4,1,12-15
연락처,4,21,12-15
스마일페이,4,1,12-15
알람몬,4,2,12-15
알람/시간,4,1,12-15
스마트택배,4,4,12-15
스카이피플,4,1,12-15
스타벅스,4,3,12-15
스트리트 뷰,4,1,12-15
스프레드시트,4,4,12-15
슬립 베터,4,1,12-15
시계,4,30,12-15
시리즈,4,1,12-15
시스템 UI,4,51,12-15
시스템 런처,4,1,12-15
알람/시계,4,9,12-15
시외버스	모바일,4,6,12-15
신한카드,4,2,12-15
쏠캘린더,4,2,12-15
아만다,4,1,12-15
아웃 포커스,4,1,12-15
아이디어스,4,1,12-15
아이모,4,1,12-15
아이즈원 프라이빗 메일,4,1,12-15
안다르,4,1,12-15
안드로이드 시스템,4,33,12-15
알라미,4,2,12-15
신한 쏠(SOL),4,2,12-15
네이버 스마트보드,4,1,12-15
네이버 카페,4,8,12-15
LightSlinger,4,1,12-15
KB국민카드,4,2,12-15
WeChat,4,1,12-15
Samsung Experience Service,4,1,12-15
Bluetooth,4,11,12-15
MTP 애플리케이션,4,4,12-15
Whale,4,1,12-15
Fitbit,4,1,12-15
Samsung Experience 홈,4,40,12-15
Bloomberg,4,1,12-15
MLB9이닝스19,4,1,12-15
SSG.COM,4,1,12-15
FocusMore,4,1,12-15
Wi-Fi,4,12,12-15
Bill Letter,4,1,12-15
Kahoot!,4,2,12-15
SR 고속열차,4,3,12-15
Flipboard,4,1,12-15
Between,4,4,12-15
Booking.com,4,1,12-15
Firefox,4,1,12-15
Samsung Notes,4,14,12-15
Vingle,4,1,12-15
CJ ONE,4,4,12-15
CGV포토티켓,4,1,12-15
Facebook,4,49,12-15
MX 플레이어,4,2,12-15
CGV,4,1,12-15
Walkr,4,1,12-15
Samsung Music,4,8,12-15
FastHub,4,1,12-15
FatSecret,4,1,12-15
WSJ,4,1,12-15
Briefing,4,2,12-15
Samsung Health,4,7,12-15
Wahoo,4,2,12-15
Brawl Stars,4,2,12-15
Microsoft Launcher,4,1,12-15
Word,4,8,12-15
Foodie,4,9,12-15
BAND,4,6,12-15
brunch,4,1,12-15
Q메모+,4,13,12-15
Galaxy Themes,4,2,12-15
mVaccine for web,4,1,12-15
QR 코드 스캐너,4,2,12-15
Q.Feat,4,1,12-15
Galaxy Wearable,4,1,12-15
LG 페이,4,2,12-15
page2,4,1,12-15
App Lock,4,1,12-15
LookPin,4,1,12-15
Gmail,4,16,12-15
timetable-core,4,1,12-15
Puffin,4,4,12-15
zet,4,1,12-15
NAVER,4,18,12-15
tbs,4,1,12-15
Arcane Tracker,4,1,12-15
RX TIMER,4,1,12-15
M-able,4,2,12-15
KBO STATS,4,1,12-15
SODA,4,4,12-15
X-plore,4,1,12-15
LG 키보드,4,5,12-15
B612,4,4,12-15
Most,4,1,12-15
YouTube,4,55,12-15
Forza,4,1,12-15
SNOW,4,8,12-15
Auto Chess,4,2,12-15
At Bat,4,1,12-15
YouTube Music,4,5,12-15
Rummikub,4,1,12-15
Reddit,4,1,12-15
Y데이터박스,4,1,12-15
Galaxy Buds,4,1,12-15
Zenly,4,3,12-15
CJ대한통운 택배,4,4,12-15
VIBE,4,5,12-15
KT 멤버십,4,4,12-15
CLASSUM,4,5,12-15
Discord,4,3,12-15
TVING,4,1,12-15
Microsoft Band,4,16,12-15
Soundcamp,4,1,12-15
Sound+,4,1,12-15
SongsterrWeb,4,1,12-15
The Day Before,4,6,12-15
KEB 하나은행,4,1,12-15
EhViewer,4,2,12-15
Smart​Things,4,2,12-15
Cookie Run: OvenBreak,4,5,12-15
KB스타뱅킹,4,3,12-15
TimeTree,4,1,12-15
Smart View,4,1,12-15
JAM Live,4,1,12-15
Escape Rooms,4,1,12-15
KFTC FIDO LINK,4,2,12-15
Spotify,4,1,12-15
T 안심,4,2,12-15
Doctor Who,4,1,12-15
Mi Fit,4,1,12-15
Duel Links,4,2,12-15
Syrup 월렛,4,1,12-15
S보이스,4,2,12-15
Dropsync,4,25,12-15
KB스타알림,4,4,12-15
StyleShare,4,1,12-15
T map,4,4,12-15
Dropbox,4,3,12-15
Mi Home,4,1,12-15
Steam,4,1,12-15
T world,4,4,12-15
ES 파일 탐색기,4,1,12-15
EXiTS,4,1,12-15
Messenger Lite,4,1,12-15
Dragon Strike: Puzzle RPG,4,1,12-15
T 가드,4,1,12-15
Messenger,4,18,12-15
Android 시스템,4,17,12-15
Evernote,4,3,12-15
Class101,4,1,12-15
Microsoft Health,4,12,12-15
Melon,4,11,12-15
FIFA Mobile,4,2,12-15
U+ 고객센터,4,5,12-15
CYBOS Touch,4,1,12-15
Security Master,4,1,12-15
FIFA Online 4 M,4,2,12-15
Settings Suggestions,4,1,12-15
U+Box (클라우드),4,1,12-15
CLiP,4,1,12-15
U-OTP+,4,1,12-15
Samsung Pay,4,24,12-15
FLO,4,3,12-15
ULike,4,1,12-15
FOW.KR,4,1,12-15
Samsung Pass 자동 완성,4,2,12-15
U+멤버스,4,2,12-15
FANDOM,4,1,12-15
KB스마트원 통합인증,4,1,12-15
T전화 통화,4,1,12-15
TouchWiz 홈,4,4,12-15
SleepTown,4,1,12-15
Citymapper,4,1,12-15
Tower Color,4,1,12-15
Traffic Run!,4,1,12-15
Chrome,4,52,12-15
Excel,4,7,12-15
Twitch,4,2,12-15
T멤버십,4,5,12-15
Slack,4,5,12-15
ExpressVPN,4,1,12-15
CaptivePortalLogin,4,4,12-15
T전화,4,17,12-15
KLMS,4,26,12-15
Shutdown Monitor,4,4,12-15
CamScanner,4,1,12-15
Call of Thunder War,4,1,12-15
Clean Master,4,2,12-15
ミリシタ,4,1,12-15
Forest,4,1,12-15
Suunto,4,1,12-15
국제검진센터,4,1,12-15
AIA Vitality T건강걷기,4,1,12-15
날씨,4,21,12-15
국세청 홈택스,4,1,12-15
과학적인 계산기,4,2,12-15
Google 뉴스,4,1,12-15
ABC Logger,4,31,12-15
One UI 홈,4,18,12-15
NFC,4,1,12-15
고음질 녹음,4,1,12-15
Google Play 스토어,4,44,12-15
InBody,4,2,12-15
내 파일,4,13,12-15
InCallUI,4,1,12-15
Pokémon GO,4,2,12-15
29CM,4,1,12-15
KAIST Library,4,7,12-15
OTP,4,1,12-15
냥코 대전쟁,4,1,12-15
AirBattery,4,1,12-15
넌얼마나쓰니,4,1,12-15
OP.GG,4,1,12-15
고속버스 모바일,4,4,12-15
PAIGE,4,1,12-15
11번가,4,1,12-15
궁극의 질문,4,1,12-15
AhnLab V3 Mobile Plus 2.0,4,3,12-15
기억의 신,4,1,12-15
AVS,4,1,12-15
PES 2019 PRO EVOLUTION SOCCER,4,1,12-15
김과외,4,1,12-15
ISP/페이북,4,5,12-15
Adobe Acrobat,4,1,12-15
Paco,4,79,12-15
LIVE스코어,4,1,12-15
꼼꼼달력메모,4,1,12-15
Google,4,25,12-15
NFC 서비스,4,1,12-15
기본홈(홈&앱서랍),4,1,12-15
PAYCO,4,3,12-15
IV Go,4,1,12-15
나만의 실험실,4,1,12-15
ANOTHER EDEN,4,1,12-15
G마켓,4,3,12-15
LoL 상점,4,1,12-15
AfreecaTV,4,1,12-15
기본홈,4,22,12-15
나무위키뷰어,4,1,12-15
Papago,4,2,12-15
LoL 프렌즈,4,3,12-15
PASS,4,3,12-15
Polar Beat,4,76,12-15
LINE,4,1,12-15
Polaris Office,4,4,12-15
갤러리,4,57,12-15
Always On Display,4,1,12-15
1.1.1.1,4,1,12-15
Logger,4,57,12-15
네이버 블로그,4,2,12-15
自走棋测试服,4,1,12-15
10000!,4,1,12-15
OK Cashbag,4,1,12-15
Google Play 뮤직,4,2,12-15
네이버 메일,4,1,12-15
계산기,4,11,12-15
KAIST	Portal,4,18,12-15
Google Play 서비스,4,36,12-15
AirVisual,4,1,12-15
네이버 뮤직,4,1,12-15
0한동,4,1,12-15
Instagram,4,33,12-15
PowerPoint,4,2,12-15
Netflix,4,11,12-15
게임런처,4,10,12-15
Lite,4,2,12-15
네이버 사전,4,2,12-15
NH콕뱅크,4,1,12-15
KAIST 전자식복무관리시스템,4,1,12-15
알라미,5,3,15-18
Duel Links,5,2,15-18
PASS,5,4,15-18
삼성앱카드,5,1,15-18
에브리타임,5,11,15-18
지그재그,5,1,15-18
캘린더,5,39,15-18
알송,5,1,15-18
에이블리,5,2,15-18
Shutdown Monitor,5,1,15-18
Mi Home,5,1,15-18
ExpressVPN,5,1,15-18
네이버 사전,5,1,15-18
NekoSushi,5,1,15-18
Soundcamp,5,1,15-18
Study,5,1,15-18
설정,5,67,15-18
비주얼 가계부,5,1,15-18
NH콕뱅크,5,1,15-18
안드로이드 시스템,5,26,15-18
FIFA Mobile,5,1,15-18
Nature Photo Effects,5,1,15-18
Security Master,5,1,15-18
캐시워크,5,5,15-18
빅스비 보이스,5,15,15-18
Intra,5,3,15-18
Microsoft Health,5,9,15-18
NFC 서비스,5,1,15-18
콘텐츠 잠금,5,1,15-18
접근성,5,48,15-18
캔디카메라,5,1,15-18
IV Go,5,1,15-18
코인뷰,5,1,15-18
KAIST GenChem,5,1,15-18
ISP/페이북,5,2,15-18
PAYCO,5,1,15-18
코레일톡,5,15,15-18
삼성 키보드,5,5,15-18
Nintendo Switch Online,5,1,15-18
FIFA Online 4 M,5,1,15-18
삼성 인터넷,5,39,15-18
InBody,5,1,15-18
OTP,5,1,15-18
Smart View,5,1,15-18
InCallUI,5,1,15-18
Space Big Bang,5,1,15-18
알파카,5,6,15-18
Evernote,5,4,15-18
컬쳐랜드,5,1,15-18
OP.GG,5,1,15-18
KB스타뱅킹,5,3,15-18
EhViewer,5,1,15-18
사전,5,1,15-18
알람몬,5,1,15-18
좋은 카메라,5,4,15-18
사용자 휴대폰 도우미,5,1,15-18
OK Cashbag,5,3,15-18
컴프야2019,5,2,15-18
Smart​Things,5,2,15-18
Netflix,5,10,15-18
알람/시계,5,10,15-18
LightSlinger,5,1,15-18
Skyscanner,5,1,15-18
Excel,5,3,15-18
빅스비 비전,5,3,15-18
사운드 선택기,5,1,15-18
캠퍼스팅,5,1,15-18
Slack,5,4,15-18
음악,5,6,15-18
OneDrive,5,1,15-18
KAIST	Portal,5,13,15-18
알바몬,5,2,15-18
삼성 캡처,5,14,15-18
Spotify,5,1,15-18
One UI 홈,5,18,15-18
KB스마트원 통합인증,5,1,15-18
빅스비 홈,5,1,15-18
커플릿,5,1,15-18
SleepTown,5,1,15-18
Microsoft Band,5,11,15-18
Instagram,5,35,15-18
전화,5,42,15-18
주소록,5,13,15-18
캐시슬라이드 스텝업,5,2,15-18
시외버스	모바일,5,8,15-18
PES 2019 PRO EVOLUTION SOCCER,5,1,15-18
Reddit,5,1,15-18
Frip,5,1,15-18
카카오뱅크,5,17,15-18
Rummikub,5,1,15-18
Polar Beat,5,76,15-18
Most,5,1,15-18
Forza,5,1,15-18
쏘카,5,2,15-18
챌린저스,5,1,15-18
카카오버스,5,3,15-18
스프레드시트,5,7,15-18
SNOW,5,5,15-18
스트리트 뷰,5,1,15-18
이메일,5,8,15-18
Forest,5,1,15-18
Google Play 서비스,5,32,15-18
콴다 선생님,5,2,15-18
NBA,5,1,15-18
카카오스탁,5,1,15-18
Pokémon GO,5,2,15-18
스터디헬퍼,5,2,15-18
쏠캘린더,5,2,15-18
직방,5,2,15-18
스타벅스,5,1,15-18
SODA,5,4,15-18
Foodie,5,6,15-18
카카오스토리,5,1,15-18
싸이메라,5,1,15-18
스카이피플,5,1,15-18
시계,5,28,15-18
야놀자,5,1,15-18
Google,5,25,15-18
카이스트 모바일 메일,5,1,15-18
카이스트 버스,5,1,15-18
PowerPoint,5,1,15-18
Puffin,5,4,15-18
Gmail,5,19,15-18
NAVER,5,21,15-18
Galaxy Wearable,5,1,15-18
신한 쏠(SOL),5,3,15-18
인쇄 스풀러,5,1,15-18
카메라,5,64,15-18
시스템 런처,5,1,15-18
Google Play 게임,5,2,15-18
카카오 T,5,6,15-18
QuickPic,5,1,15-18
Polaris Office,5,4,15-18
KAIST 전자식복무관리시스템,5,1,15-18
신한카드,5,4,15-18
시스템 UI,5,51,15-18
KAIST Library,5,10,15-18
Q메모+,5,8,15-18
첫화면 상식,5,1,15-18
Galaxy Store,5,2,15-18
Galaxy Buds,5,1,15-18
카카오맵,5,8,15-18
Google Play 뮤직,5,1,15-18
실행 프로그램,5,1,15-18
GGtics,5,3,15-18
Follower Analyzer,5,1,15-18
카카오지하철,5,2,15-18
스와이프 벽돌깨기,5,1,15-18
Samsung Health,5,6,15-18
이마트몰,5,1,15-18
아이모,5,1,15-18
Samsung Members,5,1,15-18
지퍼7,5,1,15-18
카톡 프리뷰,5,1,15-18
에뛰드하우스,5,1,15-18
소프트웨어 업데이트,5,6,15-18
NFC,5,1,15-18
Samsung Music,5,8,15-18
Facebook,5,46,15-18
지도,5,11,15-18
Paco,5,79,15-18
아이즈원 프라이빗 메일,5,1,15-18
FOW.KR,5,1,15-18
성경일독Q,5,1,15-18
Hentoid,5,1,15-18
캐시슬라이드,5,1,15-18
이랜드몰,5,1,15-18
안다르,5,1,15-18
Samsung Pass 자동 완성,5,4,15-18
HwModuleTest,5,1,15-18
KB국민카드,5,2,15-18
FLO,5,3,15-18
앱 업데이트,5,1,15-18
성경,5,1,15-18
지니 뮤직,5,4,15-18
카카오페이지,5,9,15-18
Papago,5,3,15-18
야구친구,5,1,15-18
숨고,5,1,15-18
KBO STATS,5,1,15-18
SOL알리미,5,1,15-18
업데이트 센터,5,1,15-18
FocusMore,5,1,15-18
스마트택배,5,1,15-18
Google Play 스토어,5,38,15-18
SR 고속열차,5,6,15-18
Pinterest,5,2,15-18
Piano,5,1,15-18
아만다,5,1,15-18
스마트명세서,5,1,15-18
지하철종결자,5,3,15-18
잠금화면 설정,5,2,15-18
Samsung Pay,5,26,15-18
스마트 스캔,5,1,15-18
카카오톡,5,79,15-18
Perfect Piano,5,1,15-18
아이디어스,5,2,15-18
Google 뉴스,5,1,15-18
지하철 노선도,5,2,15-18
카카오톡 치즈,5,1,15-18
Samsung Experience 홈,5,40,15-18
Microsoft Launcher,5,1,15-18
Firefox,5,1,15-18
스냅스,5,1,15-18
지퍼7 2.0,5,1,15-18
업비트,5,1,15-18
FatSecret,5,1,15-18
Photo Wonder,5,1,15-18
Samsung Notes,5,11,15-18
번역,5,1,15-18
음성 녹음,5,4,15-18
自走棋测试服,5,1,15-18
手机淘宝,5,1,15-18
똑똑가계부,5,4,15-18
올원뱅크,5,2,15-18
피키캐스트,5,1,15-18
Logger,5,60,15-18
원스토어 서비스,5,1,15-18
ミリシタ,5,1,15-18
똑똑계산기,5,1,15-18
µTorrent,5,1,15-18
Android 시스템,5,18,15-18
timetable-core,5,1,15-18
러브데이,5,1,15-18
피망 뉴맞고,5,1,15-18
레몬브릿지,5,1,15-18
Always-on display,5,1,15-18
App Lock,5,1,15-18
갤러리,5,60,15-18
디즈니팝,5,1,15-18
AirBattery,5,1,15-18
디바이스 관리,5,1,15-18
원스토어,5,9,15-18
하스스톤,5,2,15-18
고속버스 모바일,5,4,15-18
디바이스 케어,5,2,15-18
하나카드,5,2,15-18
계산기,5,21,15-18
AirVisual,5,1,15-18
하나멤버스,5,1,15-18
올원페이	(NH앱카드),5,1,15-18
디시인사이드,5,4,15-18
하나1Q페이,5,3,15-18
게임런처,5,10,15-18
AliExpress,5,1,15-18
픽테일 - NewYork,5,2,15-18
고양이가 귀여운,5,1,15-18
LG 페이,5,6,15-18
올레 tv 모바일,5,1,15-18
YouTube,5,61,15-18
리마인더,5,7,15-18
프라이빗 모드,5,1,15-18
원터치개인,5,14,15-18
퓨처파이트,5,1,15-18
Auto Chess,5,2,15-18
Suunto,5,1,15-18
리브,5,2,15-18
포토 에디터,5,6,15-18
Xodo Docs,5,1,15-18
B612,5,5,15-18
X-plore,5,1,15-18
마이 케이티,5,3,15-18
오락_OK캐쉬백,5,1,15-18
포토,5,7,15-18
Authentication Framework,5,1,15-18
플레이윙즈,5,1,15-18
프레젠테이션,5,5,15-18
M-able,5,2,15-18
oksusu,5,1,15-18
Lysn,5,1,15-18
gStrings,5,1,15-18
롯데리아,5,1,15-18
프렌즈팝콘,5,1,15-18
brunch,5,1,15-18
롯데면세점,5,1,15-18
롯데시네마,5,3,15-18
프렌즈타운,5,2,15-18
Zenly,5,1,15-18
Y데이터박스,5,1,15-18
Arcane Tracker,5,1,15-18
루리웹,5,1,15-18
LG 키보드,5,4,15-18
오목,5,1,15-18
YouTube Music,5,7,15-18
한국장학재단,5,3,15-18
드라이브,5,20,15-18
고양이는 정말 귀여워,5,1,15-18
네이버 캘린더,5,3,15-18
후후,5,5,15-18
우리카드,5,7,15-18
화해,5,1,15-18
내 파일,5,13,15-18
Lite,5,2,15-18
호갱노노,5,1,15-18
내 캘린더,5,1,15-18
네이버TV,5,1,15-18
ABC Logger,5,34,15-18
Last Arrows,5,1,15-18
현대해상,5,1,15-18
날씨,5,15,15-18
네트워크,5,1,15-18
AIA Vitality T건강걷기,5,1,15-18
냥코 대전쟁,5,1,15-18
헬로마켓,5,1,15-18
원격 데스크톱,5,2,15-18
11번가,5,3,15-18
네이버 스마트보드,5,1,15-18
히어로칸타레,5,1,15-18
0한동,5,1,15-18
네이버 블로그,5,3,15-18
1.1.1.1,5,1,15-18
네이버 웹툰,5,20,15-18
네이버 뮤직,5,1,15-18
Life360,5,1,15-18
휴대전화,5,1,15-18
네이버 메일,5,3,15-18
네이버 지도,5,18,15-18
10000!,5,1,15-18
후후-유플러스,5,2,15-18
넌얼마나쓰니,5,2,15-18
네이버 카페,5,8,15-18
Leaone,5,1,15-18
나무위키뷰어,5,1,15-18
다나와 가격비교,5,1,15-18
꼼꼼달력메모,5,1,15-18
AfreecaTV,5,3,15-18
그린카,5,1,15-18
더캠프,5,1,15-18
궁극의 질문,5,1,15-18
LoL 프렌즈,5,6,15-18
국세청 홈택스,5,1,15-18
도돌 런처,5,1,15-18
한국투자증권,5,1,15-18
과학적인 계산기,5,3,15-18
동영상,5,5,15-18
한국투자	주식,5,1,15-18
듀오링고,5,1,15-18
AhnLab V3 Mobile Plus 2.0,5,3,15-18
LINE,5,1,15-18
고음질 녹음,5,3,15-18
기본홈,5,22,15-18
왓챠,5,1,15-18
한컴오피스 viewer,5,12,15-18
당근마켓,5,1,15-18
다방,5,1,15-18
LoL 상점,5,1,15-18
해피포인트,5,1,15-18
ANOTHER EDEN,5,1,15-18
다음,5,1,15-18
왓챠플레이,5,1,15-18
해피스크린,5,1,15-18
Workspace,5,1,15-18
기억의 신,5,1,15-18
LIVE스코어,5,1,15-18
Adobe Acrobat,5,1,15-18
다음카페,5,1,15-18
기본홈(홈&앱서랍),5,1,15-18
다이소 멤버십,5,1,15-18
해먹남녀,5,1,15-18
원더락,5,1,15-18
다음웹툰,5,2,15-18
BAND,5,6,15-18
Avast Mobile Security,5,1,15-18
CYBOS Touch,5,1,15-18
CaptivePortalLogin,5,9,15-18
위비뱅크,5,1,15-18
T멤버십,5,7,15-18
CashLeaflet,5,1,15-18
통화 관리,5,15,15-18
Twitch,5,3,15-18
버즈 런처,5,1,15-18
Chrome,5,51,15-18
연락처와 다이얼,5,1,15-18
TouchWiz 홈,5,4,15-18
벅스,5,6,15-18
KIA고객앱,5,1,15-18
통화,5,15,15-18
번개장터,5,1,15-18
Clean Master,5,2,15-18
뱅크샐러드,5,8,15-18
Todoist,5,1,15-18
엽기떡볶이,5,1,15-18
통화 화면,5,12,15-18
MangoPlate,5,1,15-18
트위터,5,7,15-18
U+ 고객센터,5,3,15-18
밥대생,5,11,15-18
마이리틀셰프,5,1,15-18
배경화면,5,1,15-18
Meitu,5,1,15-18
Melon,5,10,15-18
배달요기요,5,6,15-18
튜브박스,5,1,15-18
T전화 통화,5,1,15-18
T전화,5,19,15-18
배달의민족,5,9,15-18
CamScanner,5,2,15-18
KLMS,5,21,15-18
T연락처,5,1,15-18
TimeTree,5,1,15-18
Messenger,5,17,15-18
토스,5,25,15-18
Messenger Lite,5,1,15-18
T world,5,3,15-18
브랜디,5,1,15-18
클래시 로얄,5,1,15-18
Droid-X 3.0,5,1,15-18
여기어때,5,1,15-18
브롤스타즈,5,1,15-18
Dropbox,5,3,15-18
T map,5,6,15-18
KB스타알림,5,4,15-18
비둘기키우기,5,1,15-18
쿠팡,5,8,15-18
S플래너,5,1,15-18
비디오 플레이어,5,11,15-18
Dropsync,5,39,15-18
클리너,5,1,15-18
붕괴3rd,5,1,15-18
부동산	다이어트,5,1,15-18
Discord,5,3,15-18
TimeBlocks,5,1,15-18
Cookie Run: OvenBreak,5,4,15-18
벽돌깨기 퍼즐,5,1,15-18
KFTC FIDO LINK,5,1,15-18
텔레그램,5,5,15-18
보안,5,1,15-18
텍뷰,5,1,15-18
CLiP,5,2,15-18
The Day Before,5,5,15-18
DU 배터리 세이버,5,1,15-18
연락처,5,14,15-18
타임스프레드,5,1,15-18
보이스 케어,5,1,15-18
KEB 하나은행,5,1,15-18
TVING,5,1,15-18
복부 근육 트레이팅,5,1,15-18
보안 폴더,5,3,15-18
미세미세,5,5,15-18
Just Dance Now,5,1,15-18
U+멤버스,5,2,15-18
WeChat,5,1,15-18
모아락,5,1,15-18
VpnDialogs,5,2,15-18
Briefing,5,3,15-18
파일 관리자,5,5,15-18
모바일교보문고,5,1,15-18
Wi-Fi,5,16,15-18
WSJ,5,1,15-18
파일노리,5,1,15-18
메모,5,1,15-18
Brawl Stars,5,2,15-18
팝콘티비,5,1,15-18
모바일	티머니,5,1,15-18
Wahoo,5,2,15-18
오늘의집,5,1,15-18
Booking.com,5,1,15-18
메이비베이비,5,1,15-18
Bleacher Report,5,1,15-18
Walkr,5,1,15-18
오디오클립,5,1,15-18
원터치알림,5,27,15-18
패키지 설치 프로그램,5,63,15-18
메시지,5,75,15-18
Whale,5,1,15-18
팟빵,5,1,15-18
메모장,5,1,15-18
MTP 애플리케이션,5,4,15-18
CGV,5,1,15-18
파일,5,7,15-18
페이트/그랜드오더,5,1,15-18
메가박스,5,2,15-18
L.POINT,5,2,15-18
편한가계부,5,3,15-18
위메프,5,1,15-18
U-OTP+,5,1,15-18
Word,5,5,15-18
CLASSUM,5,3,15-18
티몬,5,3,15-18
ULike,5,2,15-18
마카롱,5,1,15-18
영웅문SG 베타,5,1,15-18
티켓링크,5,1,15-18
Battery Doctor,5,1,15-18
문피아,5,2,15-18
VocalPitchMonitor,5,1,15-18
CJ대한통운 택배,5,2,15-18
Bluetooth,5,8,15-18
MX 플레이어,5,2,15-18
VIBE,5,4,15-18
CJ ONE,5,1,15-18
WoW BfA Talent Calculator,5,1,15-18
KT 멤버십,5,4,15-18
파인더,5,7,15-18
MAXIM KOREA HD,5,1,15-18
문서,5,3,15-18
만개의 레시피,5,1,15-18
Between,5,3,15-18
KB스타알림,6,4,18-21
Life360,6,1,18-21
이메일,6,5,18-21
KB스타뱅킹,6,1,18-21
음성 녹음,6,8,18-21
원터치개인,6,14,18-21
우체국 스마트뱅킹,6,1,18-21
KBO STATS,6,1,18-21
KB앱카드,6,1,18-21
전화,6,42,18-21
원기날씨,6,1,18-21
이미지 사이즈,6,1,18-21
LH청약센터,6,1,18-21
원스토어,6,3,18-21
KB국민카드,6,1,18-21
위메프,6,2,18-21
LG 헬스,6,1,18-21
KLMS,6,23,18-21
KAIST Library,6,10,18-21
LINE,6,1,18-21
인터파크,6,1,18-21
LG 페이,6,4,18-21
원더락,6,1,18-21
전광판 LED,6,1,18-21
이마트몰,6,1,18-21
이랜드몰,6,1,18-21
위비뱅크,6,1,18-21
KAIST GenChem,6,1,18-21
원스토어 서비스,6,1,18-21
KT 멤버십,6,2,18-21
웹소설 조아라,6,1,18-21
LIVE스코어,6,1,18-21
원터치알림,6,27,18-21
이동거리,6,1,18-21
KAIST 전자식복무관리시스템,6,2,18-21
Lapse,6,1,18-21
LG 키보드,6,3,18-21
KAIST	Portal,6,10,18-21
음악,6,6,18-21
LG 앱 이용약관,6,1,18-21
네이버 사전,6,1,18-21
접근성,6,42,18-21
Bluetooth,6,7,18-21
팟빵,6,1,18-21
Bloomberg,6,1,18-21
패키지 설치 프로그램,6,61,18-21
Bleacher Report,6,1,18-21
Between,6,3,18-21
페이트/그랜드오더,6,1,18-21
편한가계부,6,2,18-21
BAND,6,6,18-21
포토,6,2,18-21
B612,6,3,18-21
포토 에디터,6,3,18-21
퓨처파이트,6,1,18-21
프레젠테이션,6,3,18-21
프렌즈레이싱,6,1,18-21
Arcane Tracker,6,1,18-21
프렌즈타운,6,2,18-21
팝콘티비,6,1,18-21
프렌즈타워,6,1,18-21
Brawl Stars,6,2,18-21
파일 관리자,6,3,18-21
통화 관리,6,21,18-21
CaptivePortalLogin,6,11,18-21
Canva,6,1,18-21
통화 화면,6,13,18-21
CamScanner,6,1,18-21
튜브박스,6,1,18-21
Cake,6,1,18-21
CYBOS Touch,6,1,18-21
CLiP,6,1,18-21
트위터,6,6,18-21
CLASSUM,6,4,18-21
티몬,6,2,18-21
티켓링크,6,1,18-21
CJ대한통운 택배,6,4,18-21
파인더,6,3,18-21
CGV,6,1,18-21
파일,6,5,18-21
파일 보내기 및 받기,6,1,18-21
Chrome,6,49,18-21
Apps edge,6,1,18-21
App Lock,6,1,18-21
해먹남녀,6,1,18-21
AdGuard,6,1,18-21
AccuBattery,6,1,18-21
해피스크린,6,1,18-21
ANOTHER EDEN,6,1,18-21
해피포인트,6,1,18-21
헤이카카오,6,1,18-21
AIA Vitality T건강걷기,6,2,18-21
ABC Logger,6,21,18-21
호갱노노,6,1,18-21
4shared,6,1,18-21
후후,6,7,18-21
11번가,6,1,18-21
후후-유플러스,6,2,18-21
휴대전화,6,1,18-21
1.1.1.1,6,1,18-21
휴대폰 인증서 서비스,6,1,18-21
한컴오피스 viewer,6,9,18-21
프렌즈팝콘,6,1,18-21
Adobe Acrobat,6,3,18-21
한컴오피스,6,1,18-21
플레이윙즈,6,1,18-21
Android 시스템,6,15,18-21
피망 뉴맞고,6,1,18-21
Amazon Shopping,6,1,18-21
Always-on display,6,2,18-21
피키캐스트,6,1,18-21
피트니스,6,1,18-21
핑크다이어리,6,1,18-21
하나1Q페이,6,4,18-21
AirVisual,6,1,18-21
하나카드,6,2,18-21
AirBattery,6,1,18-21
하스스톤,6,1,18-21
한국장학재단,6,2,18-21
AhnLab V3 Mobile Plus 2.0,6,3,18-21
한국투자	주식,6,1,18-21
한국투자증권,6,1,18-21
AfreecaTV,6,4,18-21
Intra,6,2,18-21
통화,6,15,18-21
토스,6,24,18-21
Google PDF 뷰어,6,1,18-21
카메라,6,56,18-21
Google,6,24,18-21
카이스트 모바일 메일,6,1,18-21
Gmail,6,17,18-21
카카오 T,6,8,18-21
Galaxy Store,6,1,18-21
카카오맵,6,15,18-21
카카오뱅크,6,17,18-21
Forza,6,1,18-21
카카오버스,6,2,18-21
Forest,6,1,18-21
Foodie,6,9,18-21
카카오지하철,6,1,18-21
FocusMore,6,1,18-21
Flipboard,6,1,18-21
카카오톡,6,79,18-21
Google Play 게임,6,1,18-21
Firefox,6,1,18-21
첫화면 상식,6,1,18-21
직방,6,3,18-21
Instagram,6,31,18-21
InCallUI,6,1,18-21
좋은 카메라,6,4,18-21
IV Go,6,1,18-21
주소록,6,15,18-21
중고나라,6,1,18-21
지그재그,6,1,18-21
ISP/페이북,6,3,18-21
지니 뮤직,6,4,18-21
HackersMP3,6,1,18-21
Habitica,6,2,18-21
지도,6,7,18-21
지퍼7,6,2,18-21
Google 뉴스,6,1,18-21
Google Play 스토어,6,36,18-21
지하철종결자,6,1,18-21
Google Play 서비스,6,32,18-21
Google Play 뮤직,6,4,18-21
Clean Master,6,3,18-21
카카오톡 치즈,6,1,18-21
카카오페이지,6,6,18-21
Duo,6,1,18-21
Duel Links,6,2,18-21
코인뷰,6,1,18-21
콴다 선생님,6,1,18-21
Dropsync,6,22,18-21
Dropbox,6,3,18-21
쿠팡,6,6,18-21
크루비,6,2,18-21
클래시 로얄,6,1,18-21
Dreamclass,6,1,18-21
Draw It,6,1,18-21
키작은남자,6,1,18-21
Discord,6,3,18-21
DU 배터리 세이버,6,1,18-21
타임스프레드,6,1,18-21
텔레그램,6,3,18-21
Cookie Run: OvenBreak,6,4,18-21
코레일톡,6,7,18-21
FatSecret,6,2,18-21
EML Reader FREE,6,1,18-21
EhViewer,6,2,18-21
Facebook,6,48,18-21
카톡 프리뷰,6,1,18-21
FOW.KR,6,1,18-21
캐시슬라이드,6,1,18-21
FLO,6,3,18-21
캐시슬라이드 스텝업,6,2,18-21
FIFA Mobile,6,2,18-21
캐시워크,6,5,18-21
캔디카메라,6,1,18-21
EyeFilter,6,1,18-21
ExpressVPN,6,1,18-21
캘린더,6,30,18-21
Excel,6,4,18-21
캠퍼스팅,6,1,18-21
Evernote,6,3,18-21
커플릿,6,1,18-21
EmergencyManagerService,6,1,18-21
컴프야2019,6,2,18-21
코디북,6,1,18-21
에브리타임,6,12,18-21
사전,6,1,18-21
마이리틀셰프,6,1,18-21
SODA,6,6,18-21
스타벅스,6,3,18-21
Workspace,6,2,18-21
스터디헬퍼,6,1,18-21
마이 케이티,6,1,18-21
SNOW,6,5,18-21
스카이피플,6,1,18-21
스프레드시트,6,4,18-21
SC제일은행,6,1,18-21
Rummikub,6,1,18-21
리브,6,1,18-21
Reddit,6,1,18-21
시계,6,18,18-21
Xodo Docs,6,1,18-21
Yoga VPN,6,1,18-21
X-plore,6,1,18-21
스와이프 벽돌깨기,6,1,18-21
스와이프,6,1,18-21
Word,6,3,18-21
WeChat,6,1,18-21
소프트웨어 업데이트,6,5,18-21
메모장,6,2,18-21
Whale,6,1,18-21
메모G,6,1,18-21
Samsung Health,6,4,18-21
숨고,6,1,18-21
메모,6,3,18-21
Wi-Fi,6,13,18-21
Samsung Experience 홈,6,39,18-21
스냅스,6,1,18-21
메가박스,6,1,18-21
Samsung Experience Service,6,2,18-21
스마트 스캔,6,1,18-21
만개의 레시피,6,1,18-21
SR 고속열차,6,4,18-21
스마트택배,6,3,18-21
시리즈,6,1,18-21
Q메모+,6,9,18-21
시스템 UI,6,53,18-21
리마인더,6,2,18-21
실행 프로그램,6,1,18-21
쏘카,6,1,18-21
롯데리아,6,1,18-21
Pokémon GO,6,3,18-21
쏠캘린더,6,2,18-21
oksusu,6,1,18-21
Pinterest,6,1,18-21
레진코믹스,6,1,18-21
Piazza,6,1,18-21
아만다,6,1,18-21
아이디어스,6,1,18-21
레몬브릿지,6,1,18-21
러브데이,6,1,18-21
Papago,6,2,18-21
아이모,6,1,18-21
ミリシタ,6,1,18-21
Paco,6,79,18-21
Polar Beat,6,73,18-21
Samsung Music,6,5,18-21
Zenly,6,4,18-21
Polaris Office,6,3,18-21
Q.Feat,6,1,18-21
YouTube,6,57,18-21
시스템 런처,6,1,18-21
리리앤코,6,1,18-21
Puffin,6,4,18-21
Prime Video,6,1,18-21
리디북스,6,1,18-21
YouTube Music,6,6,18-21
시외버스	모바일,6,6,18-21
Todoist,6,2,18-21
시크릿라벨,6,1,18-21
PowerPoint,6,1,18-21
PostPay,6,1,18-21
루리웹,6,1,18-21
신한 쏠(SOL),6,3,18-21
Poly Bridge,6,1,18-21
롯데홈쇼핑,6,2,18-21
신한카드,6,2,18-21
Walkr,6,1,18-21
메시지,6,69,18-21
성경일독Q,6,1,18-21
배달요기요,6,2,18-21
T map,6,6,18-21
브롤스타즈,6,1,18-21
T전화 통화,6,1,18-21
배경화면,6,2,18-21
S보이스,6,1,18-21
비디오 플레이어,6,10,18-21
밥대생,6,10,18-21
Suunto,6,1,18-21
U+ 고객센터,6,4,18-21
비주얼 가계부,6,1,18-21
StyleShare,6,1,18-21
Study,6,1,18-21
빅스비 보이스,6,16,18-21
미세미세,6,2,18-21
U+멤버스,6,2,18-21
U-OTP+,6,1,18-21
T pay,6,1,18-21
Steam,6,3,18-21
T전화,6,19,18-21
T world,6,3,18-21
TimeTree,6,1,18-21
TouchWiz 홈,6,4,18-21
번호안내 서비스,6,1,18-21
The Weather Channel,6,1,18-21
버즈 런처,6,1,18-21
벽돌깨기 퍼즐,6,1,18-21
Twitch,6,4,18-21
The Day Before,6,6,18-21
보안,6,1,18-21
보안 폴더,6,4,18-21
뱅크샐러드,6,4,18-21
T멤버십,6,3,18-21
TVING,6,1,18-21
복부 근육 트레이팅,6,1,18-21
배터리 및 성능,6,1,18-21
붕괴3rd,6,1,18-21
배달의민족,6,11,18-21
브랜디,6,1,18-21
아이즈원 프라이빗 메일,6,1,18-21
빅스비 비전,6,1,18-21
Spotify,6,1,18-21
VpnDialogs,6,1,18-21
W Concept,6,1,18-21
Settings Suggestions,6,2,18-21
삼성카드,6,2,18-21
모바일교보문고,6,1,18-21
WSJ,6,1,18-21
Security Master,6,1,18-21
Screen Off Button,6,1,18-21
모바일결제 ISP,6,1,18-21
설정,6,64,18-21
모바일	티머니,6,1,18-21
Wahoo,6,1,18-21
Samsung Pay,6,29,18-21
성경,6,1,18-21
메이비베이비,6,1,18-21
Samsung Pass 자동 완성,6,1,18-21
Samsung Notes,6,12,18-21
모아락,6,1,18-21
미미박스,6,1,18-21
삼성 키보드 뉴럴 베타,6,1,18-21
삼성 키보드,6,3,18-21
빅스비 홈,6,3,18-21
문피아,6,2,18-21
Soundcamp,6,1,18-21
ULike,6,2,18-21
LightSlinger,6,1,18-21
SmartThinQ,6,1,18-21
문서,6,6,18-21
VIBE,6,3,18-21
삼성 인터넷,6,36,18-21
SleepTown,6,1,18-21
Vivino,6,2,18-21
Slack,6,6,18-21
삼성 캡처,6,8,18-21
몰테일,6,1,18-21
삼성 클라우드,6,1,18-21
Skyscanner,6,1,18-21
모아키 통합키보드,6,1,18-21
Shutdown Monitor,6,4,18-21
똑똑가계부,6,5,18-21
벅스,6,4,18-21
기억의 신,6,1,18-21
MobileCX,6,1,18-21
MAXIM KOREA HD,6,1,18-21
당근마켓,6,1,18-21
얼리버드 알람,6,1,18-21
M-able,6,1,18-21
Most,6,1,18-21
오락_OK캐쉬백,6,1,18-21
기본홈,6,22,18-21
대기오염정보,6,1,18-21
어시스턴트,6,1,18-21
네이버 캘린더,6,3,18-21
오목,6,1,18-21
냥코 대전쟁,6,1,18-21
국제검진센터,6,1,18-21
NAVER,6,18,18-21
Lysn,6,1,18-21
도돌 런처,6,1,18-21
야놀자,6,4,18-21
연락처,6,19,18-21
네이버 카페,6,7,18-21
히어로칸타레,6,1,18-21
동영상,6,4,18-21
Logger,6,53,18-21
올원뱅크,6,2,18-21
야구친구,6,1,18-21
고음질 녹음,6,1,18-21
애니메이션 사진 위젯,6,1,18-21
넌얼마나쓰니,6,1,18-21
NFC 서비스,6,1,18-21
내 파일,6,13,18-21
드라이브,6,14,18-21
오늘의집,6,1,18-21
Microsoft Launcher,6,1,18-21
Messenger,6,18,18-21
연락처와 다이얼,6,1,18-21
Messenger Lite,6,1,18-21
나만의냉장고,6,1,18-21
네트워크,6,1,18-21
여기어때,6,2,18-21
엽기떡볶이,6,1,18-21
다방,6,1,18-21
Melon,6,10,18-21
MangoPlate,6,1,18-21
김과외,6,1,18-21
에이블리,6,3,18-21
Mi Home,6,1,18-21
다음,6,1,18-21
에어비앤비,6,1,18-21
영웅문SG 베타,6,1,18-21
날씨,6,16,18-21
Microsoft Band,6,13,18-21
POOQ,6,1,18-21
MX 플레이어,6,3,18-21
다음웹툰,6,3,18-21
네이버TV,6,1,18-21
Microsoft Health,6,9,18-21
기본홈(홈&앱서랍),6,1,18-21
내 캘린더,6,1,18-21
에브리싱,6,1,18-21
MTP 애플리케이션,6,2,18-21
에뛰드하우스,6,1,18-21
업비트,6,1,18-21
다이어트신,6,1,18-21
알파카,6,5,18-21
나무위키뷰어,6,1,18-21
올원페이	(앱카드),6,1,18-21
네이버 메일,6,1,18-21
디즈니팝,6,1,18-21
Lite,6,2,18-21
갤러리,6,57,18-21
알람몬,6,1,18-21
OP.GG,6,4,18-21
LoL 프렌즈,6,4,18-21
네이버 블로그,6,1,18-21
왓챠플레이,6,2,18-21
OK Cashbag,6,1,18-21
게임런처,6,11,18-21
알람/시계,6,9,18-21
PASS,6,4,18-21
알라미,6,2,18-21
OTP,6,1,18-21
디시인사이드,6,4,18-21
네이버 웹툰,6,18,18-21
One UI 홈,6,18,18-21
OneDrive,6,1,18-21
네이버 뮤직,6,1,18-21
왓챠,6,2,18-21
와디즈,6,1,18-21
LoL 상점,6,1,18-21
Netflix,6,8,18-21
PES 2019 PRO EVOLUTION SOCCER,6,1,18-21
NUGU,6,1,18-21
고속버스 모바일,6,6,18-21
알송,6,2,18-21
디바이스 관리,6,3,18-21
안드로이드 시스템,6,35,18-21
네이버 지도,6,18,18-21
네이버 스마트보드,6,1,18-21
우먼스톡,6,1,18-21
우리카드,6,8,18-21
계산기,6,11,18-21
디바이스 케어,6,3,18-21
옷잘남,6,1,18-21
모아락,7,1,21-24
통화,7,14,21-24
파일,7,8,21-24
CaptivePortalLogin,7,6,21-24
네이버TV,7,2,21-24
네트워크,7,4,21-24
파인더,7,6,21-24
버스타고,7,1,21-24
네이버 블로그,7,2,21-24
날씨,7,16,21-24
네이버 뮤직,7,1,21-24
나무위키뷰어,7,1,21-24
통화 관리,7,19,21-24
Twitch,7,3,21-24
Chrome,7,47,21-24
TouchWiz 홈,7,4,21-24
Vivino,7,1,21-24
ABC Logger,7,26,21-24
통화 서비스,7,1,21-24
모야모,7,1,21-24
버즈 런처,7,1,21-24
VIBE,7,4,21-24
CGV,7,1,21-24
티켓링크,7,1,21-24
V LIVE,7,1,21-24
배달의민족,7,10,21-24
미세미세,7,4,21-24
트위터,7,6,21-24
후후,7,3,21-24
U+ 고객센터,7,1,21-24
1.1.1.1,7,1,21-24
네이버 지도,7,15,21-24
네이버 메일,7,1,21-24
CLiP,7,1,21-24
CNCITY에너지,7,1,21-24
밥대생,7,3,21-24
방치타임,7,1,21-24
CakeTown,7,1,21-24
T전화 통화,7,1,21-24
튜브박스,7,1,21-24
10000!,7,1,21-24
T전화,7,20,21-24
문서,7,3,21-24
CLASSUM,7,4,21-24
11번가,7,3,21-24
ULike,7,2,21-24
뱅크샐러드,7,2,21-24
CJ대한통운 택배,7,1,21-24
네이버 웹툰,7,24,21-24
넌얼마나쓰니,7,1,21-24
내 캘린더,7,1,21-24
휴대전화,7,1,21-24
통화 화면,7,14,21-24
문피아,7,2,21-24
T멤버십,7,3,21-24
내 파일,7,11,21-24
미디어 저장공간,7,1,21-24
CamScanner,7,1,21-24
배틀그라운드,7,1,21-24
네이버 캘린더,7,3,21-24
1km,7,1,21-24
티몬,7,3,21-24
네이버 카페,7,7,21-24
피키캐스트,7,1,21-24
AIA Vitality T건강걷기,7,3,21-24
프렌즈타운,7,2,21-24
롯데홈쇼핑,7,1,21-24
게임툴즈,7,1,21-24
YouTube Music,7,5,21-24
디바이스 케어,7,6,21-24
Arduino bluetooth controller,7,1,21-24
AirBattery,7,1,21-24
루리웹,7,1,21-24
계산기,7,13,21-24
디바이스 관리,7,4,21-24
롯데시네마,7,1,21-24
고속버스 모바일,7,5,21-24
AhnLab V3 Mobile Plus 2.0,7,1,21-24
드라이브,7,20,21-24
프라임 영한한영,7,1,21-24
퓨처파이트,7,1,21-24
한국장학재단,7,2,21-24
리마인더,7,3,21-24
Xodo Docs,7,1,21-24
포토스캐너,7,1,21-24
고음질 녹음,7,1,21-24
포토 에디터,7,1,21-24
YouTube,7,55,21-24
게임런처,7,8,21-24
Apps edge,7,1,21-24
하나1Q페이,7,4,21-24
自走棋测试服,7,1,21-24
딩굴 키보드,7,1,21-24
똑똑가계부,7,4,21-24
ミリシタ,7,1,21-24
Amazon Kindle,7,1,21-24
똑똑계산기,7,1,21-24
timetable-core,7,1,21-24
디즈니팝,7,1,21-24
피망 뉴맞고,7,1,21-24
러브데이,7,2,21-24
핑크다이어리,7,1,21-24
AliExpress,7,1,21-24
Android 시스템,7,11,21-24
레몬브릿지,7,1,21-24
oksusu,7,3,21-24
갤러리,7,49,21-24
레진코믹스,7,1,21-24
AirVisual,7,1,21-24
프렌즈팝콘,7,1,21-24
디시인사이드,7,4,21-24
롤도우미,7,1,21-24
App Lock,7,1,21-24
Zenly,7,2,21-24
동영상,7,2,21-24
리브,7,2,21-24
X-plore,7,1,21-24
한국투자	주식,7,1,21-24
패키지 설치 프로그램,7,66,21-24
Whale,7,1,21-24
Bleacher Report,7,1,21-24
메모장,7,1,21-24
다음웹툰,7,2,21-24
기본홈(홈&앱서랍),7,1,21-24
Walkr,7,1,21-24
ANOTHER EDEN,7,1,21-24
기억의 신,7,1,21-24
Bluetooth,7,7,21-24
메시지,7,64,21-24
Booking.com,7,1,21-24
팝콘티비,7,1,21-24
해피스크린,7,1,21-24
김과외,7,2,21-24
모바일	티머니,7,1,21-24
다방,7,1,21-24
모바일결제 ISP,7,1,21-24
Brawl Stars,7,1,21-24
WSJ,7,1,21-24
파일 관리자,7,3,21-24
다나와 가격비교,7,2,21-24
모바일교보문고,7,2,21-24
다음카페,7,1,21-24
Briefing,7,2,21-24
메모,7,2,21-24
Big Hunter,7,1,21-24
마이	홈플러스,7,1,21-24
도돌 런처,7,1,21-24
포토,7,5,21-24
한국투자증권,7,1,21-24
마이 케이티,7,1,21-24
B612,7,1,21-24
궁극의 질문,7,1,21-24
AfreecaTV,7,2,21-24
Word,7,2,21-24
그래핑 계산기 Mathlab,7,1,21-24
BAND,7,8,21-24
편한가계부,7,4,21-24
마이리틀셰프,7,1,21-24
Adobe Acrobat,7,1,21-24
마카롱,7,2,21-24
당근마켓,7,2,21-24
멀티타이머,7,1,21-24
펜타스톰,7,1,21-24
페이트/그랜드오더,7,1,21-24
Wi-Fi,7,12,21-24
기본홈,7,22,21-24
메가박스,7,1,21-24
Between,7,2,21-24
한컴오피스 viewer,7,9,21-24
프레젠테이션,7,3,21-24
LightSlinger,7,1,21-24
Todoist,7,1,21-24
안드로이드 시스템,7,30,21-24
PAYCO,7,3,21-24
ISP/페이북,7,5,21-24
PASS,7,3,21-24
지그재그,7,2,21-24
알라미,7,2,21-24
주소록,7,13,21-24
One UI 홈,7,18,21-24
OTP,7,2,21-24
알람/시계,7,7,21-24
OP.GG,7,1,21-24
좋은 카메라,7,3,21-24
알람몬,7,2,21-24
InCallUI,7,1,21-24
알바몬,7,1,21-24
Netflix,7,8,21-24
Instagram,7,33,21-24
NBA,7,1,21-24
야구친구,7,1,21-24
잠금화면 설정,7,2,21-24
전광판 LED,7,1,21-24
NFC,7,1,21-24
KAIST	Portal,7,10,21-24
PES 2019 PRO EVOLUTION SOCCER,7,1,21-24
알파카,7,2,21-24
전화,7,41,21-24
NH뱅킹,7,1,21-24
NH콕뱅크,7,1,21-24
알집,7,1,21-24
알송,7,1,21-24
접근성,7,47,21-24
NFC 서비스,7,1,21-24
야놀자,7,2,21-24
지니 뮤직,7,5,21-24
HackersMP3,7,1,21-24
카이스트 모바일 메일,7,1,21-24
Google,7,28,21-24
카메라,7,52,21-24
신한 쏠(SOL),7,4,21-24
Google PDF 뷰어,7,1,21-24
Polaris Office,7,3,21-24
Google Play 게임,7,4,21-24
첫화면 상식,7,1,21-24
Polar Beat,7,73,21-24
신한페이판,7,1,21-24
Google Play 뮤직,7,1,21-24
싸이메라,7,1,21-24
Pokémon GO,7,2,21-24
직방,7,4,21-24
쏠캘린더,7,2,21-24
Google Play 서비스,7,27,21-24
Pinterest,7,2,21-24
아이쉐어링,7,1,21-24
Paco,7,77,21-24
지도,7,3,21-24
H&M,7,1,21-24
아이모,7,1,21-24
Google 뉴스,7,2,21-24
아이즈원 프라이빗 메일,7,1,21-24
지퍼7,7,1,21-24
People edge,7,1,21-24
아이디어스,7,1,21-24
Photo Wonder,7,1,21-24
Google Play 스토어,7,42,21-24
아만다,7,1,21-24
지하철종결자,7,2,21-24
Papago,7,1,21-24
시외버스	모바일,7,4,21-24
NAVER,7,18,21-24
KAIST Library,7,4,21-24
MUSINSA,7,1,21-24
MTP 애플리케이션,7,1,21-24
원터치알림,7,20,21-24
KT 멤버십,7,1,21-24
KT 패밀리박스,7,2,21-24
M-able,7,2,21-24
원터치개인 삼성페이,7,2,21-24
원터치개인,7,12,21-24
오락_OK캐쉬백,7,1,21-24
오먹상점,7,1,21-24
Lysn,7,1,21-24
LG 키보드,7,1,21-24
올레 tv 모바일,7,1,21-24
원스토어 서비스,7,2,21-24
Logger,7,62,21-24
LG 페이,7,4,21-24
올원뱅크,7,2,21-24
우리카드,7,6,21-24
원격 데스크톱,7,1,21-24
Lite,7,2,21-24
원기날씨,7,1,21-24
LIVE스코어,7,1,21-24
LoL 상점,7,1,21-24
영웅문SG 베타,7,1,21-24
왓챠,7,2,21-24
원더락,7,1,21-24
와디즈,7,1,21-24
LoL 프렌즈,7,5,21-24
LH청약센터,7,1,21-24
옷잘남,7,1,21-24
원스토어,7,5,21-24
LINE,7,1,21-24
인쇄 스풀러,7,1,21-24
KLMS,7,19,21-24
위메프,7,1,21-24
어드벤처,7,1,21-24
이사만루 2019,7,1,21-24
Most,7,2,21-24
KAIST 전자식복무관리시스템,7,2,21-24
얼굴인식 체험판,7,1,21-24
이메일,7,5,21-24
MobileCX,7,1,21-24
얼리버드 알람,7,1,21-24
KBO STATS,7,1,21-24
Microsoft Launcher,7,1,21-24
이마트몰,7,1,21-24
에뛰드하우스,7,1,21-24
Microsoft Health,7,10,21-24
음악 플레이어,7,1,21-24
KB국민카드,7,1,21-24
Microsoft Band,7,10,21-24
음악,7,3,21-24
연락처와 다이얼,7,1,21-24
Melon,7,11,21-24
연락처,7,20,21-24
KFC,7,1,21-24
Messenger,7,13,21-24
KB스타알림,7,3,21-24
MX 플레이어,7,2,21-24
Messenger Lite,7,1,21-24
KB스타뱅킹,7,2,21-24
에이블리,7,2,21-24
음성 녹음,7,8,21-24
에어비앤비,7,1,21-24
에어 커맨드,7,1,21-24
에브리타임,7,5,21-24
Metal Madness,7,1,21-24
Gmail,7,13,21-24
PowerPoint,7,2,21-24
시스템 런처,7,1,21-24
StyleShare,7,1,21-24
Dropsync,7,28,21-24
코인뷰,7,1,21-24
Study,7,2,21-24
빅스비 보이스,7,14,21-24
Duel Links,7,2,21-24
Steam,7,1,21-24
코레일톡,7,11,21-24
Spotify,7,1,21-24
EML Reader FREE,7,1,21-24
ES 파일 탐색기,7,1,21-24
빅스비 홈,7,2,21-24
컴프야2019,7,1,21-24
Sound+,7,1,21-24
Edge screen,7,1,21-24
Smart​Things,7,3,21-24
사전,7,1,21-24
삼성 키보드,7,3,21-24
캘린더,7,38,21-24
Excel,7,4,21-24
Shutdown Monitor,7,7,21-24
삼성 캡처,7,7,21-24
캠퍼스팅,7,1,21-24
콴다 선생님,7,1,21-24
Evernote,7,4,21-24
커플릿,7,1,21-24
삼성 인터넷,7,38,21-24
컬러노트,7,1,21-24
SleepTown,7,1,21-24
삼성 음성 입력,7,2,21-24
EhViewer,7,1,21-24
Slack,7,3,21-24
Settings Suggestions,7,1,21-24
비디오 플레이어,7,11,21-24
비디오 에디터,7,1,21-24
번개장터,7,1,21-24
Clean Master,7,1,21-24
토스,7,13,21-24
번역,7,2,21-24
Coinnow,7,1,21-24
The Day Before,7,2,21-24
Cookie Run: OvenBreak,7,3,21-24
텔레그램,7,2,21-24
벽돌깨기 퍼즐,7,1,21-24
Cut+Mix Studio,7,1,21-24
텍뷰,7,1,21-24
DMB,7,1,21-24
타임스프레드,7,1,21-24
보안 폴더,7,1,21-24
TVING,7,1,21-24
복부 근육 트레이팅,7,1,21-24
THE COUPLE,7,1,21-24
S플래너,7,1,21-24
블루투스,7,1,21-24
쿠팡,7,9,21-24
브롤스타즈,7,1,21-24
퀵 비디오 편집기,7,1,21-24
크루비,7,1,21-24
Dropbox,7,2,21-24
Droid-X 3.0,7,1,21-24
브랜디,7,1,21-24
T world,7,3,21-24
붕괴3rd,7,1,21-24
T 가드,7,1,21-24
타이젬 바둑,7,1,21-24
Discord,7,3,21-24
T map,7,4,21-24
ExpressVPN,7,1,21-24
삼성앱카드,7,1,21-24
EyeFilter,7,1,21-24
Firefox,7,1,21-24
스마트 스캔,7,1,21-24
SR 고속열차,7,5,21-24
카카오택시,7,1,21-24
스마트택배,7,2,21-24
카카오지하철,7,1,21-24
FocusMore,7,1,21-24
SODA,7,7,21-24
카카오스토리,7,2,21-24
스카이피플,7,1,21-24
Foodie,7,8,21-24
스터디헬퍼,7,1,21-24
스텔라 브라우저,7,1,21-24
SNOW,7,5,21-24
카카오버스,7,1,21-24
Forest,7,1,21-24
스프레드시트,7,4,21-24
Puffin,7,1,21-24
Galaxy Themes,7,1,21-24
시스템 UI,7,51,21-24
카카오 T,7,9,21-24
Q메모+,7,8,21-24
RX TIMER,7,1,21-24
Samsung ApexService,7,1,21-24
RealCalc,7,1,21-24
시계,7,31,21-24
GGtics,7,1,21-24
Forza,7,1,21-24
Reddit,7,1,21-24
카카오뱅크,7,13,21-24
Rummikub,7,1,21-24
카카오맵,7,8,21-24
카카오톡,7,79,21-24
Samsung Experience Service,7,1,21-24
스마트 닥터,7,2,21-24
FLO,7,3,21-24
성경,7,1,21-24
Samsung Pass 자동 완성,7,1,21-24
설정,7,68,21-24
캐시슬라이드 스텝업,7,2,21-24
Samsung Pay,7,21,21-24
캐시슬라이드,7,1,21-24
FIFA Mobile,7,2,21-24
서울스토어,7,1,21-24
캐시워크,7,5,21-24
서머너즈 워,7,1,21-24
FANDOM,7,1,21-24
Security Master,7,2,21-24
캔디카메라,7,1,21-24
Screen Off Button,7,1,21-24
벅스,7,5,21-24
Samsung Notes,7,11,21-24
FOW.KR,7,1,21-24
스냅스,7,1,21-24
카카오톡 치즈,7,1,21-24
FatSecret,7,2,21-24
숨고,7,1,21-24
Samsung Experience 홈,7,39,21-24
카카오페이지,7,6,21-24
성경일독Q,7,1,21-24
수탉 알람시계,7,1,21-24
Samsung Health,7,6,21-24
Facebook,7,46,21-24
Samsung Members,7,1,21-24
소프트웨어 업데이트,7,2,21-24
카톡 프리뷰,7,1,21-24
Samsung Music,7,5,21-24
FastHub,7,1,21-24
히어로칸타레,7,1,21-24
